run_order,scenario,arm,sample_end_utc,detected_at_utc,context_created_at_utc,plan_created_at_utc,applied_at_utc
1,F3,A,2026-09-19 12:57:49.263+00,2026-09-19 12:57:54.268186+00,2026-09-19 12:58:59.320958+00,2026-09-19 12:58:59.333567+00,
1,F3,A,2026-09-19 12:59:49.251+00,2026-09-19 12:59:49.266619+00,2026-09-19 13:00:54.360209+00,2026-09-19 13:00:54.38553+00,
1,F3,A,2026-09-19 13:01:04.259+00,2026-09-19 13:01:09.256025+00,2026-09-19 13:02:14.371481+00,2026-09-19 13:02:14.378398+00,
1,F3,A,2026-09-19 13:02:19.246+00,2026-09-19 13:02:19.259982+00,2026-09-19 13:03:24.351757+00,2026-09-19 13:03:24.358518+00,
1,F3,A,2026-09-19 13:03:09.285+00,2026-09-19 13:03:14.25485+00,2026-09-19 13:03:44.339486+00,2026-09-19 13:03:44.34851+00,
1,F3,A,2026-09-19 13:03:19.305+00,2026-09-19 13:03:24.267313+00,2026-09-19 13:04:29.322696+00,2026-09-19 13:04:29.329409+00,
1,F3,A,2026-09-19 13:03:44.282+00,2026-09-19 13:03:49.264492+00,2026-09-19 13:04:54.331668+00,2026-09-19 13:04:54.339786+00,
1,F3,A,2026-09-19 13:04:19.246+00,2026-09-19 13:04:24.251702+00,2026-09-19 13:04:44.331201+00,2026-09-19 13:04:44.341382+00,
1,F3,A,2026-09-19 13:04:44.257+00,2026-09-19 13:04:49.249714+00,2026-09-19 13:05:54.33686+00,2026-09-19 13:05:54.346151+00,
1,F3,A,2026-09-19 13:05:09.281+00,2026-09-19 13:05:14.25063+00,2026-09-19 13:06:19.323731+00,2026-09-19 13:06:19.347467+00,
1,F3,A,2026-09-19 13:05:29.273+00,2026-09-19 13:05:34.257489+00,2026-09-19 13:06:39.319312+00,2026-09-19 13:06:39.326751+00,
1,F3,A,2026-09-19 13:06:49.3+00,2026-09-19 13:06:54.24872+00,2026-09-19 13:07:59.351427+00,2026-09-19 13:07:59.358123+00,
1,F3,A,2026-09-19 13:09:04.259+00,2026-09-19 13:09:09.24039+00,2026-09-19 13:10:14.340492+00,2026-09-19 13:10:14.346022+00,
1,F3,A,2026-09-19 13:09:24.269+00,2026-09-19 13:09:29.249635+00,2026-09-19 13:10:34.295869+00,2026-09-19 13:10:34.300785+00,
1,F3,A,2026-09-19 13:13:59.24+00,2026-09-19 13:14:04.244205+00,2026-09-19 13:15:09.339281+00,2026-09-19 13:15:09.347248+00,
1,F3,A,2026-09-19 13:14:04.253+00,2026-09-19 13:14:09.252931+00,2026-09-19 13:15:14.31302+00,2026-09-19 13:15:14.319855+00,
1,F3,A,2026-09-19 13:15:49.243+00,2026-09-19 13:15:54.240955+00,2026-09-19 13:16:54.346212+00,2026-09-19 13:16:54.352622+00,
1,F3,A,2026-09-19 13:16:54.242+00,2026-09-19 13:16:59.240132+00,2026-09-19 13:18:04.285146+00,2026-09-19 13:18:04.290635+00,
1,F3,A,2026-09-19 13:18:29.283+00,2026-09-19 13:18:34.251258+00,2026-09-19 13:19:34.355886+00,2026-09-19 13:19:34.364529+00,
1,F3,A,2026-09-19 13:19:04.245+00,2026-09-19 13:19:09.258905+00,2026-09-19 13:20:14.296409+00,2026-09-19 13:20:14.302439+00,
1,F3,A,2026-09-19 13:19:34.266+00,2026-09-19 13:19:39.237634+00,2026-09-19 13:20:44.288268+00,2026-09-19 13:20:44.294034+00,
1,F3,A,2026-09-19 13:20:49.261+00,2026-09-19 13:20:54.229439+00,2026-09-19 13:21:54.327036+00,2026-09-19 13:21:54.332329+00,
1,F3,A,2026-09-19 13:21:29.252+00,2026-09-19 13:21:34.228476+00,2026-09-19 13:22:34.28829+00,2026-09-19 13:22:34.29414+00,
1,F3,A,2026-09-19 13:22:04.23+00,2026-09-19 13:22:09.231904+00,2026-09-19 13:23:09.299864+00,2026-09-19 13:23:09.30826+00,
1,F3,A,2026-09-19 13:22:39.261+00,2026-09-19 13:22:44.231222+00,2026-09-19 13:23:44.295664+00,2026-09-19 13:23:44.30319+00,2026-09-19 13:23:44.310542+00
2,F3,C,2026-09-19 13:23:34.246+00,2026-09-19 13:23:39.226068+00,2026-09-19 13:24:39.292834+00,2026-09-19 13:24:39.312079+00,2026-09-19 13:24:39.319279+00
2,F3,C,2026-09-19 13:28:09.224+00,2026-09-19 13:28:14.231382+00,2026-09-19 13:29:19.34613+00,2026-09-19 13:29:19.352622+00,2026-09-19 13:29:19.358932+00
2,F3,C,2026-09-19 13:28:59.228+00,2026-09-19 13:28:59.233225+00,2026-09-19 13:29:59.286943+00,2026-09-19 13:29:59.319888+00,2026-09-19 13:29:59.330797+00
2,F3,C,2026-09-19 13:29:44.263+00,2026-09-19 13:29:49.233549+00,2026-09-19 13:30:54.280465+00,2026-09-19 13:30:54.288232+00,2026-09-19 13:30:54.299908+00
2,F3,C,2026-09-19 13:31:09.237+00,2026-09-19 13:31:14.219944+00,2026-09-19 13:32:14.312308+00,2026-09-19 13:32:14.317802+00,2026-09-19 13:32:14.323677+00
2,F3,C,2026-09-19 13:34:09.263+00,2026-09-19 13:34:14.217621+00,2026-09-19 13:35:14.330513+00,2026-09-19 13:35:14.338052+00,2026-09-19 13:35:14.343477+00
2,F3,C,2026-09-19 13:34:29.245+00,2026-09-19 13:34:34.220351+00,2026-09-19 13:35:39.262981+00,2026-09-19 13:35:39.26821+00,2026-09-19 13:35:39.273198+00
2,F3,C,2026-09-19 13:36:04.257+00,2026-09-19 13:36:09.226583+00,2026-09-19 13:37:09.329721+00,2026-09-19 13:37:09.33562+00,2026-09-19 13:37:09.341581+00
2,F3,C,2026-09-19 13:36:14.233+00,2026-09-19 13:36:19.213329+00,2026-09-19 13:37:19.318964+00,2026-09-19 13:37:19.324421+00,2026-09-19 13:37:19.329367+00
2,F3,C,2026-09-19 13:44:24.238+00,2026-09-19 13:44:29.221862+00,2026-09-19 13:45:19.381067+00,2026-09-19 13:45:19.387388+00,2026-09-19 13:45:19.392416+00
2,F3,C,2026-09-19 13:39:04.215+00,2026-09-19 13:39:09.219235+00,2026-09-19 13:40:14.316629+00,2026-09-19 13:40:14.323961+00,2026-09-19 13:40:14.330923+00
2,F3,C,2026-09-19 13:39:54.227+00,2026-09-19 13:39:59.215651+00,2026-09-19 13:41:04.313121+00,2026-09-19 13:41:04.319088+00,2026-09-19 13:41:04.324929+00
2,F3,C,2026-09-19 13:40:14.215+00,2026-09-19 13:40:19.212507+00,2026-09-19 13:41:19.267863+00,2026-09-19 13:41:19.274784+00,2026-09-19 13:41:19.280203+00
2,F3,C,2026-09-19 13:41:09.227+00,2026-09-19 13:41:14.213699+00,2026-09-19 13:42:14.325049+00,2026-09-19 13:42:14.330845+00,2026-09-19 13:42:14.33593+00
2,F3,C,2026-09-19 13:42:39.222+00,2026-09-19 13:42:44.219429+00,2026-09-19 13:43:49.284482+00,2026-09-19 13:43:49.291742+00,2026-09-19 13:43:49.298623+00
2,F3,C,2026-09-19 13:44:24.266+00,2026-09-19 13:44:29.226537+00,2026-09-19 13:45:34.271489+00,2026-09-19 13:45:34.279132+00,2026-09-19 13:45:34.285662+00
2,F3,C,2026-09-19 13:45:34.262+00,2026-09-19 13:45:39.209169+00,2026-09-19 13:46:44.261699+00,2026-09-19 13:46:44.268037+00,2026-09-19 13:46:44.274548+00
2,F3,C,2026-09-19 13:47:04.222+00,2026-09-19 13:47:09.21504+00,2026-09-19 13:48:14.366486+00,2026-09-19 13:48:14.372826+00,2026-09-19 13:48:14.378173+00
2,F3,C,2026-09-19 13:47:29.27+00,2026-09-19 13:47:34.218481+00,2026-09-19 13:48:24.283201+00,2026-09-19 13:48:24.28958+00,2026-09-19 13:48:24.298023+00
2,F3,C,2026-09-19 13:48:29.218+00,2026-09-19 13:48:34.20339+00,2026-09-19 13:49:34.327074+00,2026-09-19 13:49:34.333696+00,2026-09-19 13:49:34.339372+00
2,F3,C,2026-09-19 13:48:49.24+00,2026-09-19 13:48:54.203739+00,2026-09-19 13:49:54.275168+00,2026-09-19 13:50:10.656353+00,2026-09-19 13:50:10.669576+00
3,F3,B,2026-09-19 13:50:04.234+00,2026-09-19 13:50:09.211524+00,2026-09-19 13:51:14.262546+00,2026-09-19 13:51:18.406958+00,2026-09-19 13:51:18.414233+00
3,F3,B,2026-09-19 13:54:14.195+00,2026-09-19 13:54:14.210166+00,2026-09-19 13:55:14.417193+00,2026-09-19 13:55:22.168757+00,2026-09-19 13:55:22.180389+00
3,F3,B,2026-09-19 13:55:04.213+00,2026-09-19 13:55:09.211374+00,2026-09-19 13:56:09.324544+00,2026-09-19 13:56:16.650856+00,2026-09-19 13:56:16.659014+00
3,F3,B,2026-09-19 13:55:09.229+00,2026-09-19 13:55:14.236851+00,2026-09-19 13:55:59.304831+00,2026-09-19 13:56:08.715663+00,2026-09-19 13:56:08.724121+00
3,F3,B,2026-09-19 13:59:34.275+00,2026-09-19 13:59:39.221097+00,2026-09-19 14:00:44.393526+00,2026-09-19 14:01:01.100969+00,2026-09-19 14:01:01.11193+00
3,F3,B,2026-09-19 14:00:04.213+00,2026-09-19 14:00:09.203271+00,2026-09-19 14:01:14.29169+00,2026-09-19 14:01:33.945876+00,2026-09-19 14:01:33.955907+00
3,F3,B,2026-09-19 14:01:29.214+00,2026-09-19 14:01:34.195978+00,2026-09-19 14:02:39.357927+00,2026-09-19 14:02:44.790752+00,2026-09-19 14:02:44.796728+00
3,F3,B,2026-09-19 14:04:29.193+00,2026-09-19 14:04:34.194223+00,2026-09-19 14:05:34.310416+00,2026-09-19 14:05:42.650225+00,2026-09-19 14:05:42.658776+00
3,F3,B,2026-09-19 14:08:09.197+00,2026-09-19 14:08:14.1915+00,2026-09-19 14:09:19.300748+00,2026-09-19 14:09:27.331385+00,2026-09-19 14:09:27.339979+00
3,F3,B,2026-09-19 14:09:59.196+00,2026-09-19 14:10:04.189364+00,2026-09-19 14:11:09.361279+00,2026-09-19 14:11:18.730845+00,2026-09-19 14:11:18.759583+00
3,F3,B,2026-09-19 14:10:29.244+00,2026-09-19 14:10:34.187987+00,2026-09-19 14:11:34.32081+00,2026-09-19 14:11:34.355979+00,2026-09-19 14:11:34.366943+00
3,F3,B,2026-09-19 14:11:09.243+00,2026-09-19 14:11:14.210423+00,2026-09-19 14:12:19.30465+00,2026-09-19 14:12:19.317361+00,2026-09-19 14:12:19.343203+00
3,F3,B,2026-09-19 14:12:19.252+00,2026-09-19 14:12:24.1969+00,2026-09-19 14:13:29.392323+00,2026-09-19 14:13:38.749209+00,2026-09-19 14:13:38.770897+00
3,F3,B,2026-09-19 14:13:54.192+00,2026-09-19 14:13:59.184785+00,2026-09-19 14:15:04.359591+00,2026-09-19 14:15:14.20204+00,2026-09-19 14:15:14.211932+00
4,F2,C,2026-09-19 14:20:29.182+00,2026-09-19 14:20:34.189651+00,2026-09-19 14:21:39.427521+00,2026-09-19 14:21:39.441384+00,2026-09-19 14:21:39.454056+00
4,F2,C,2026-09-19 14:21:39.257+00,2026-09-19 14:21:44.177254+00,2026-09-19 14:21:54.246994+00,2026-09-19 14:21:54.2541+00,2026-09-19 14:21:54.259027+00
4,F2,C,2026-09-19 14:22:44.206+00,2026-09-19 14:22:49.176195+00,2026-09-19 14:23:44.309602+00,2026-09-19 14:23:44.322562+00,2026-09-19 14:23:44.329308+00
4,F2,C,2026-09-19 14:23:54.201+00,2026-09-19 14:23:59.188117+00,2026-09-19 14:24:59.245415+00,2026-09-19 14:24:59.25303+00,2026-09-19 14:24:59.258858+00
4,F2,C,2026-09-19 14:24:24.202+00,2026-09-19 14:24:29.181993+00,2026-09-19 14:25:34.302664+00,2026-09-19 14:25:34.30845+00,2026-09-19 14:25:34.313398+00
5,F2,A,2026-09-19 14:49:34.18+00,2026-09-19 14:49:39.170097+00,2026-09-19 14:50:44.212502+00,2026-09-19 14:50:44.218211+00,
4,F2,C,2026-09-19 14:25:49.209+00,2026-09-19 14:25:54.177925+00,2026-09-19 14:26:59.252042+00,2026-09-19 14:26:59.27334+00,2026-09-19 14:26:59.280542+00
4,F2,C,2026-09-19 14:27:19.204+00,2026-09-19 14:27:24.169964+00,2026-09-19 14:28:29.294446+00,2026-09-19 14:28:29.302345+00,2026-09-19 14:28:29.308415+00
4,F2,C,2026-09-19 14:28:24.183+00,2026-09-19 14:28:29.179081+00,2026-09-19 14:29:34.29482+00,2026-09-19 14:29:34.302151+00,2026-09-19 14:29:34.307243+00
4,F2,C,2026-09-19 14:28:54.233+00,2026-09-19 14:28:59.174771+00,2026-09-19 14:30:04.217715+00,2026-09-19 14:30:04.224297+00,2026-09-19 14:30:04.230418+00
4,F2,C,2026-09-19 14:30:19.179+00,2026-09-19 14:30:24.176324+00,2026-09-19 14:31:29.281506+00,2026-09-19 14:31:29.286726+00,2026-09-19 14:31:29.291446+00
4,F2,C,2026-09-19 14:32:59.172+00,2026-09-19 14:33:04.171032+00,2026-09-19 14:34:09.279749+00,2026-09-19 14:34:09.286961+00,2026-09-19 14:34:09.293004+00
4,F2,C,2026-09-19 14:33:59.192+00,2026-09-19 14:34:04.169052+00,2026-09-19 14:35:04.23076+00,2026-09-19 14:35:04.235995+00,2026-09-19 14:35:04.241027+00
4,F2,C,2026-09-19 14:34:39.176+00,2026-09-19 14:34:44.169524+00,2026-09-19 14:35:29.257913+00,2026-09-19 14:35:29.265872+00,2026-09-19 14:35:29.273105+00
4,F2,C,2026-09-19 14:39:04.177+00,2026-09-19 14:39:09.160123+00,2026-09-19 14:39:44.303218+00,2026-09-19 14:39:44.31141+00,2026-09-19 14:39:44.316852+00
4,F2,C,2026-09-19 14:39:14.213+00,2026-09-19 14:39:19.188054+00,2026-09-19 14:40:24.208463+00,2026-09-19 14:40:24.21569+00,2026-09-19 14:40:24.222977+00
4,F2,C,2026-09-19 14:40:39.176+00,2026-09-19 14:40:44.166962+00,2026-09-19 14:41:49.279958+00,2026-09-19 14:41:49.287254+00,2026-09-19 14:41:49.292892+00
5,F2,A,2026-09-19 14:42:34.174+00,2026-09-19 14:42:39.163992+00,2026-09-19 14:43:44.217221+00,2026-09-19 14:43:44.223627+00,
5,F2,A,2026-09-19 14:47:04.163+00,2026-09-19 14:47:09.162605+00,2026-09-19 14:48:09.335344+00,2026-09-19 14:48:09.340622+00,
5,F2,A,2026-09-19 14:47:04.213+00,2026-09-19 14:47:09.168144+00,2026-09-19 14:48:09.281317+00,2026-09-19 14:48:09.288442+00,
5,F2,A,2026-09-19 14:48:34.187+00,2026-09-19 14:48:39.161168+00,2026-09-19 14:49:19.227728+00,2026-09-19 14:49:19.235843+00,
5,F2,A,2026-09-19 14:49:24.166+00,2026-09-19 14:49:29.158866+00,2026-09-19 14:49:39.260922+00,2026-09-19 14:49:39.268586+00,
5,F2,A,2026-09-19 14:49:39.206+00,2026-09-19 14:49:44.165121+00,2026-09-19 14:50:49.224284+00,2026-09-19 14:50:49.23141+00,
5,F2,A,2026-09-19 14:50:19.16+00,2026-09-19 14:50:24.153605+00,2026-09-19 14:51:29.230627+00,2026-09-19 14:51:29.236705+00,
5,F2,A,2026-09-19 14:51:39.149+00,2026-09-19 14:51:39.169935+00,2026-09-19 14:52:34.216817+00,2026-09-19 14:52:34.223212+00,
5,F2,A,2026-09-19 14:52:44.181+00,2026-09-19 14:52:49.163508+00,2026-09-19 14:53:54.266383+00,2026-09-19 14:53:54.276744+00,
5,F2,A,2026-09-19 14:55:54.167+00,2026-09-19 14:55:59.16194+00,2026-09-19 14:57:04.272482+00,2026-09-19 14:57:04.278103+00,
5,F2,A,2026-09-19 14:57:24.15+00,2026-09-19 14:57:29.156219+00,2026-09-19 14:58:34.251715+00,2026-09-19 14:58:34.27118+00,
5,F2,A,2026-09-19 14:59:04.164+00,2026-09-19 14:59:09.153387+00,2026-09-19 15:00:14.241353+00,2026-09-19 15:00:14.247212+00,
5,F2,A,2026-09-19 14:59:54.148+00,2026-09-19 14:59:59.153687+00,2026-09-19 15:00:59.22427+00,2026-09-19 15:00:59.231232+00,
5,F2,A,2026-09-19 15:01:19.156+00,2026-09-19 15:01:24.153526+00,2026-09-19 15:02:29.238206+00,2026-09-19 15:02:29.244372+00,
5,F2,A,2026-09-19 15:02:19.197+00,2026-09-19 15:02:24.152306+00,2026-09-19 15:03:24.23012+00,2026-09-19 15:03:24.238687+00,
5,F2,A,2026-09-19 15:03:24.185+00,2026-09-19 15:03:29.15389+00,2026-09-19 15:04:34.283684+00,2026-09-19 15:04:34.293529+00,
5,F2,A,2026-09-19 15:04:39.195+00,2026-09-19 15:04:44.152487+00,2026-09-19 15:05:49.253051+00,2026-09-19 15:05:49.262228+00,
5,F2,A,2026-09-19 15:05:19.163+00,2026-09-19 15:05:24.143748+00,2026-09-19 15:06:29.215975+00,2026-09-19 15:06:29.223562+00,
5,F2,A,2026-09-19 15:06:19.138+00,2026-09-19 15:06:19.153547+00,2026-09-19 15:07:24.219535+00,2026-09-19 15:07:24.226986+00,
5,F2,A,2026-09-19 15:06:39.191+00,2026-09-19 15:06:44.142609+00,2026-09-19 15:07:44.22385+00,2026-09-19 15:07:44.23182+00,
6,F2,B,2026-09-19 15:13:04.141+00,2026-09-19 15:13:09.144171+00,2026-09-19 15:14:09.24114+00,2026-09-19 15:14:18.373129+00,2026-09-19 15:14:18.383508+00
6,F2,B,2026-09-19 15:13:29.162+00,2026-09-19 15:13:34.148039+00,2026-09-19 15:14:34.228499+00,2026-09-19 15:14:39.905121+00,2026-09-19 15:14:39.91277+00
6,F2,B,2026-09-19 15:13:59.141+00,2026-09-19 15:13:59.157483+00,2026-09-19 15:15:04.190445+00,2026-09-19 15:15:10.993496+00,2026-09-19 15:15:11.000375+00
6,F2,B,2026-09-19 15:15:09.198+00,2026-09-19 15:15:14.142723+00,2026-09-19 15:16:14.190769+00,2026-09-19 15:16:23.027719+00,2026-09-19 15:16:23.081875+00
6,F2,B,2026-09-19 15:15:29.169+00,2026-09-19 15:15:34.146826+00,2026-09-19 15:16:34.450096+00,2026-09-19 15:16:41.201167+00,2026-09-19 15:16:41.209381+00
6,F2,B,2026-09-19 15:16:34.143+00,2026-09-19 15:16:39.133054+00,2026-09-19 15:17:44.291995+00,2026-09-19 15:17:50.093949+00,2026-09-19 15:17:50.100864+00
6,F2,B,2026-09-19 15:18:59.157+00,2026-09-19 15:19:04.131901+00,2026-09-19 15:20:09.244873+00,2026-09-19 15:20:16.866725+00,2026-09-19 15:20:16.875903+00
6,F2,B,2026-09-19 15:20:04.141+00,2026-09-19 15:20:09.141126+00,2026-09-19 15:21:09.20468+00,2026-09-19 15:21:14.347422+00,2026-09-19 15:21:14.355395+00
6,F2,B,2026-09-19 15:20:04.186+00,2026-09-19 15:20:09.146456+00,2026-09-19 15:20:54.199363+00,2026-09-19 15:20:59.150065+00,2026-09-19 15:20:59.158466+00
6,F2,B,2026-09-19 15:21:34.134+00,2026-09-19 15:21:39.137263+00,2026-09-19 15:22:04.229411+00,2026-09-19 15:22:10.982508+00,2026-09-19 15:22:10.992808+00
6,F2,B,2026-09-19 15:27:19.127+00,2026-09-19 15:27:24.130873+00,2026-09-19 15:28:29.235948+00,2026-09-19 15:28:48.697838+00,2026-09-19 15:28:48.705601+00
6,F2,B,2026-09-19 15:27:29.13+00,2026-09-19 15:27:29.144677+00,2026-09-19 15:28:34.794749+00,2026-09-19 15:28:43.628757+00,2026-09-19 15:28:43.642121+00
6,F2,B,2026-09-19 15:29:34.176+00,2026-09-19 15:29:39.128385+00,2026-09-19 15:29:44.239976+00,2026-09-19 15:29:50.332979+00,2026-09-19 15:29:50.339386+00
6,F2,B,2026-09-19 15:29:44.162+00,2026-09-19 15:29:49.127671+00,2026-09-19 15:30:49.237518+00,2026-09-19 15:31:09.278529+00,2026-09-19 15:31:09.290892+00
6,F2,B,2026-09-19 15:30:49.174+00,2026-09-19 15:30:54.128523+00,2026-09-19 15:31:59.191359+00,2026-09-19 15:32:15.884767+00,2026-09-19 15:32:16.01387+00
6,F2,B,2026-09-19 15:31:29.147+00,2026-09-19 15:31:34.126157+00,2026-09-19 15:32:34.233368+00,2026-09-19 15:32:40.587304+00,2026-09-19 15:32:40.593274+00
6,F2,B,2026-09-19 15:32:14.132+00,2026-09-19 15:32:19.120819+00,2026-09-19 15:33:19.223277+00,2026-09-19 15:33:26.00626+00,2026-09-19 15:33:26.015286+00
6,F2,B,2026-09-19 15:33:39.127+00,2026-09-19 15:33:44.11958+00,2026-09-19 15:34:49.198213+00,2026-09-19 15:34:57.092508+00,2026-09-19 15:34:57.10409+00
7,F3,C,2026-09-19 15:38:49.135+00,2026-09-19 15:38:54.118756+00,2026-09-19 15:39:59.228528+00,2026-09-19 15:39:59.239284+00,2026-09-19 15:39:59.248914+00
7,F3,C,2026-09-19 15:39:09.122+00,2026-09-19 15:39:14.127865+00,2026-09-19 15:40:19.204675+00,2026-09-19 15:40:19.212421+00,2026-09-19 15:40:19.219833+00
7,F3,C,2026-09-19 15:40:49.139+00,2026-09-19 15:40:54.118939+00,2026-09-19 15:41:44.262597+00,2026-09-19 15:41:44.271758+00,2026-09-19 15:41:44.279248+00
7,F3,C,2026-09-19 15:41:24.172+00,2026-09-19 15:41:29.132351+00,2026-09-19 15:42:19.199371+00,2026-09-19 15:42:19.208263+00,2026-09-19 15:42:19.216004+00
7,F3,C,2026-09-19 15:42:29.134+00,2026-09-19 15:42:34.60546+00,2026-09-19 15:43:39.255768+00,2026-09-19 15:43:39.264228+00,2026-09-19 15:43:39.270339+00
7,F3,C,2026-09-19 15:45:29.121+00,2026-09-19 15:45:34.112193+00,2026-09-19 15:46:39.280623+00,2026-09-19 15:46:39.289784+00,2026-09-19 15:46:39.295498+00
7,F3,C,2026-09-19 15:47:29.163+00,2026-09-19 15:47:34.186359+00,2026-09-19 15:48:14.24723+00,2026-09-19 15:48:14.257902+00,2026-09-19 15:48:14.264507+00
7,F3,C,2026-09-19 15:48:24.124+00,2026-09-19 15:48:29.121257+00,2026-09-19 15:49:34.255439+00,2026-09-19 15:49:34.264425+00,2026-09-19 15:49:34.271092+00
7,F3,C,2026-09-19 15:50:54.124+00,2026-09-19 15:50:59.120012+00,2026-09-19 15:51:59.282625+00,2026-09-19 15:51:59.291299+00,2026-09-19 15:51:59.298666+00
7,F3,C,2026-09-19 15:52:09.104+00,2026-09-19 15:52:09.119324+00,2026-09-19 15:53:04.174766+00,2026-09-19 15:53:04.182466+00,2026-09-19 15:53:04.187873+00
7,F3,C,2026-09-19 15:53:24.124+00,2026-09-19 15:53:29.114466+00,2026-09-19 15:54:34.221357+00,2026-09-19 15:54:34.227634+00,2026-09-19 15:54:34.233501+00
7,F3,C,2026-09-19 15:54:59.112+00,2026-09-19 15:55:04.106267+00,2026-09-19 15:56:04.216479+00,2026-09-19 15:56:04.223169+00,2026-09-19 15:56:04.228793+00
7,F3,C,2026-09-19 15:57:14.118+00,2026-09-19 15:57:19.108913+00,2026-09-19 15:58:19.232517+00,2026-09-19 15:58:19.245079+00,2026-09-19 15:58:19.251297+00
7,F3,C,2026-09-19 15:58:04.158+00,2026-09-19 15:58:09.101403+00,2026-09-19 15:59:14.184384+00,2026-09-19 15:59:14.192005+00,2026-09-19 15:59:14.197763+00
7,F3,C,2026-09-19 15:59:14.109+00,2026-09-19 15:59:19.098753+00,2026-09-19 16:00:24.155025+00,2026-09-19 16:00:24.162087+00,2026-09-19 16:00:24.167113+00
7,F3,C,2026-09-19 15:59:34.116+00,2026-09-19 15:59:39.106782+00,2026-09-19 16:00:14.217888+00,2026-09-19 16:00:14.223966+00,2026-09-19 16:00:14.22854+00
8,F3,A,2026-09-19 16:05:59.094+00,2026-09-19 16:06:04.098886+00,2026-09-19 16:07:09.208814+00,2026-09-19 16:07:09.218234+00,
8,F3,A,2026-09-19 16:06:14.11+00,2026-09-19 16:06:19.100181+00,2026-09-19 16:07:24.14847+00,2026-09-19 16:07:24.156501+00,
8,F3,A,2026-09-19 16:06:54.118+00,2026-09-19 16:06:59.10287+00,2026-09-19 16:07:44.155377+00,2026-09-19 16:07:44.165418+00,
8,F3,A,2026-09-19 16:07:34.1+00,2026-09-19 16:07:39.105048+00,2026-09-19 16:08:39.161025+00,2026-09-19 16:08:39.167077+00,
8,F3,A,2026-09-19 16:08:04.123+00,2026-09-19 16:08:09.105286+00,2026-09-19 16:08:59.160542+00,2026-09-19 16:08:59.168539+00,
8,F3,A,2026-09-19 16:08:54.11+00,2026-09-19 16:08:59.104312+00,2026-09-19 16:10:04.16728+00,2026-09-19 16:10:04.17417+00,
8,F3,A,2026-09-19 16:09:14.116+00,2026-09-19 16:09:19.094337+00,2026-09-19 16:10:24.147862+00,2026-09-19 16:10:24.15324+00,
8,F3,A,2026-09-19 16:09:14.125+00,2026-09-19 16:09:19.100296+00,2026-09-19 16:10:24.195663+00,2026-09-19 16:10:24.20107+00,
8,F3,A,2026-09-19 16:11:09.096+00,2026-09-19 16:11:14.099057+00,2026-09-19 16:12:19.242844+00,2026-09-19 16:12:19.248344+00,
8,F3,A,2026-09-19 16:11:14.108+00,2026-09-19 16:11:19.08951+00,2026-09-19 16:12:19.188609+00,2026-09-19 16:12:19.19511+00,
8,F3,A,2026-09-19 16:13:14.106+00,2026-09-19 16:13:19.102544+00,2026-09-19 16:14:24.241897+00,2026-09-19 16:14:24.249835+00,
8,F3,A,2026-09-19 16:14:34.101+00,2026-09-19 16:14:39.09212+00,2026-09-19 16:15:39.15393+00,2026-09-19 16:15:39.160904+00,
8,F3,A,2026-09-19 16:15:59.089+00,2026-09-19 16:16:04.098722+00,2026-09-19 16:17:09.176976+00,2026-09-19 16:17:09.182578+00,
8,F3,A,2026-09-19 16:17:49.088+00,2026-09-19 16:17:49.09759+00,2026-09-19 16:18:54.257732+00,2026-09-19 16:18:54.263077+00,
8,F3,A,2026-09-19 16:18:19.095+00,2026-09-19 16:18:19.099138+00,2026-09-19 16:18:54.194839+00,2026-09-19 16:18:54.202985+00,
8,F3,A,2026-09-19 16:18:54.087+00,2026-09-19 16:18:59.093701+00,2026-09-19 16:20:04.168893+00,2026-09-19 16:20:04.218406+00,
8,F3,A,2026-09-19 16:19:09.1+00,2026-09-19 16:19:14.094501+00,2026-09-19 16:20:19.146621+00,2026-09-19 16:20:19.154175+00,
8,F3,A,2026-09-19 16:20:24.089+00,2026-09-19 16:20:24.097432+00,2026-09-19 16:21:29.170369+00,2026-09-19 16:21:29.176031+00,
8,F3,A,2026-09-19 16:22:09.12+00,2026-09-19 16:22:14.094483+00,2026-09-19 16:23:14.211972+00,2026-09-19 16:23:14.223359+00,
8,F3,A,2026-09-19 16:22:14.1+00,2026-09-19 16:22:19.100928+00,2026-09-19 16:23:24.178363+00,2026-09-19 16:23:24.188587+00,
8,F3,A,2026-09-19 16:23:24.107+00,2026-09-19 16:23:29.0881+00,2026-09-19 16:24:34.200104+00,2026-09-19 16:24:34.213421+00,
8,F3,A,2026-09-19 16:24:24.131+00,2026-09-19 16:24:29.080207+00,2026-09-19 16:25:34.197113+00,2026-09-19 16:25:34.207356+00,
8,F3,A,2026-09-19 16:26:24.114+00,2026-09-19 16:26:29.089508+00,2026-09-19 16:27:34.212446+00,2026-09-19 16:27:49.587645+00,2026-09-19 16:27:49.595666+00
8,F3,A,2026-09-19 16:27:04.136+00,2026-09-19 16:27:09.089712+00,2026-09-19 16:27:29.211425+00,2026-09-19 16:27:37.336012+00,2026-09-19 16:27:37.343198+00
9,F3,B,2026-09-19 16:29:14.087+00,2026-09-19 16:29:19.082446+00,2026-09-19 16:30:24.241378+00,2026-09-19 16:30:30.59248+00,2026-09-19 16:30:30.604444+00
9,F3,B,2026-09-19 16:31:24.116+00,2026-09-19 16:31:29.080818+00,2026-09-19 16:32:34.173128+00,2026-09-19 16:32:34.18582+00,2026-09-19 16:32:34.191661+00
9,F3,B,2026-09-19 16:33:39.087+00,2026-09-19 16:33:44.087728+00,2026-09-19 16:34:49.171979+00,2026-09-19 16:34:55.710376+00,2026-09-19 16:34:55.731312+00
9,F3,B,2026-09-19 16:34:24.092+00,2026-09-19 16:34:29.087372+00,2026-09-19 16:35:24.127308+00,2026-09-19 16:35:29.932132+00,2026-09-19 16:35:29.937485+00
9,F3,B,2026-09-19 16:36:14.102+00,2026-09-19 16:36:19.08775+00,2026-09-19 16:36:29.168247+00,2026-09-19 16:36:36.334718+00,2026-09-19 16:36:36.342416+00
9,F3,B,2026-09-19 16:38:34.086+00,2026-09-19 16:38:39.068371+00,2026-09-19 16:39:39.196165+00,2026-09-19 16:39:46.883087+00,2026-09-19 16:39:46.898275+00
9,F3,B,2026-09-19 16:40:24.079+00,2026-09-19 16:40:29.078472+00,2026-09-19 16:41:34.225429+00,2026-09-19 16:41:47.961632+00,2026-09-19 16:41:47.970485+00
9,F3,B,2026-09-19 16:42:49.086+00,2026-09-19 16:42:54.066099+00,2026-09-19 16:43:54.181018+00,2026-09-19 16:44:04.641924+00,2026-09-19 16:44:04.669831+00
9,F3,B,2026-09-19 16:44:34.084+00,2026-09-19 16:44:39.072821+00,2026-09-19 16:45:44.199946+00,2026-09-19 16:45:55.171602+00,2026-09-19 16:45:55.178088+00
9,F3,B,2026-09-19 16:45:09.068+00,2026-09-19 16:45:14.074595+00,2026-09-19 16:46:19.235099+00,2026-09-19 16:46:27.839392+00,2026-09-19 16:46:27.845222+00
9,F3,B,2026-09-19 16:46:24.062+00,2026-09-19 16:46:24.077601+00,2026-09-19 16:47:24.178189+00,2026-09-19 16:47:29.612428+00,2026-09-19 16:47:29.620177+00
9,F3,B,2026-09-19 16:49:04.075+00,2026-09-19 16:49:09.097081+00,2026-09-19 16:50:14.164806+00,2026-09-19 16:50:26.74013+00,2026-09-19 16:50:26.753737+00
9,F3,B,2026-09-19 16:51:19.099+00,2026-09-19 16:51:24.05832+00,2026-09-19 16:52:04.210785+00,2026-09-19 16:52:12.162294+00,2026-09-19 16:52:12.169769+00
9,F3,B,2026-09-19 16:52:34.099+00,2026-09-19 16:52:39.062187+00,2026-09-19 16:53:44.209137+00,2026-09-19 16:53:52.22955+00,2026-09-19 16:53:52.240031+00
10,F1,A,2026-09-19 16:56:29.076+00,2026-09-19 16:56:34.060283+00,2026-09-19 16:57:39.189599+00,2026-09-19 16:57:39.199044+00,
10,F1,A,2026-09-19 16:58:34.06+00,2026-09-19 16:58:39.054535+00,2026-09-19 16:59:44.150407+00,2026-09-19 16:59:44.159553+00,
10,F1,A,2026-09-19 17:00:34.068+00,2026-09-19 17:00:39.083905+00,2026-09-19 17:01:44.11118+00,2026-09-19 17:01:44.119445+00,
10,F1,A,2026-09-19 17:01:14.097+00,2026-09-19 17:01:19.066877+00,2026-09-19 17:01:24.175922+00,2026-09-19 17:01:24.188993+00,
10,F1,A,2026-09-19 17:01:24.076+00,2026-09-19 17:01:29.053141+00,2026-09-19 17:02:34.187853+00,2026-09-19 17:02:34.194371+00,
10,F1,A,2026-09-19 17:01:24.082+00,2026-09-19 17:01:29.058501+00,2026-09-19 17:02:34.121215+00,2026-09-19 17:02:34.129227+00,
10,F1,A,2026-09-19 17:02:34.08+00,2026-09-19 17:02:39.050425+00,2026-09-19 17:03:39.110591+00,2026-09-19 17:03:39.116957+00,
10,F1,A,2026-09-19 17:02:44.102+00,2026-09-19 17:02:49.064069+00,2026-09-19 17:03:54.1165+00,2026-09-19 17:03:54.127781+00,
10,F1,A,2026-09-19 17:03:39.061+00,2026-09-19 17:03:44.052749+00,2026-09-19 17:04:44.118537+00,2026-09-19 17:04:44.12494+00,
10,F1,A,2026-09-19 17:03:59.071+00,2026-09-19 17:04:04.051821+00,2026-09-19 17:05:04.110983+00,2026-09-19 17:05:04.118019+00,
10,F1,A,2026-09-19 17:05:24.068+00,2026-09-19 17:05:29.052549+00,2026-09-19 17:06:34.16928+00,2026-09-19 17:06:34.177529+00,
10,F1,A,2026-09-19 17:07:04.069+00,2026-09-19 17:07:09.057415+00,2026-09-19 17:07:44.110074+00,2026-09-19 17:07:44.11674+00,
10,F1,A,2026-09-19 17:07:39.099+00,2026-09-19 17:07:44.053227+00,2026-09-19 17:08:44.127694+00,2026-09-19 17:08:44.135697+00,
10,F1,A,2026-09-19 17:08:44.056+00,2026-09-19 17:08:49.0487+00,2026-09-19 17:09:54.151275+00,2026-09-19 17:09:54.157537+00,
10,F1,A,2026-09-19 17:09:49.053+00,2026-09-19 17:09:54.054732+00,2026-09-19 17:10:59.096663+00,2026-09-19 17:10:59.117145+00,
10,F1,A,2026-09-19 17:11:29.064+00,2026-09-19 17:11:34.054698+00,2026-09-19 17:12:39.151032+00,2026-09-19 17:12:39.160142+00,
10,F1,A,2026-09-19 17:12:49.068+00,2026-09-19 17:12:54.04438+00,2026-09-19 17:13:54.104365+00,2026-09-19 17:13:54.111258+00,
10,F1,A,2026-09-19 17:19:09.049+00,2026-09-19 17:19:14.053321+00,2026-09-19 17:20:19.14366+00,2026-09-19 17:20:19.153009+00,
11,F1,B,2026-09-19 17:20:39.056+00,2026-09-19 17:20:44.069715+00,2026-09-19 17:21:49.10266+00,2026-09-19 17:21:58.404631+00,2026-09-19 17:21:58.41152+00
11,F1,B,2026-09-19 17:24:54.073+00,2026-09-19 17:24:59.03772+00,2026-09-19 17:26:04.147677+00,2026-09-19 17:26:11.832188+00,2026-09-19 17:26:11.844504+00
11,F1,B,2026-09-19 17:26:19.109+00,2026-09-19 17:26:24.042856+00,2026-09-19 17:27:24.204996+00,2026-09-19 17:27:24.220284+00,2026-09-19 17:27:24.227588+00
11,F1,B,2026-09-19 17:27:39.065+00,2026-09-19 17:27:44.045704+00,2026-09-19 17:28:14.093348+00,2026-09-19 17:28:21.44108+00,
11,F1,B,2026-09-19 17:28:14.065+00,2026-09-19 17:28:19.042+00,2026-09-19 17:29:24.11123+00,2026-09-19 17:29:29.863724+00,2026-09-19 17:29:29.874399+00
11,F1,B,2026-09-19 17:28:44.088+00,2026-09-19 17:28:49.040053+00,2026-09-19 17:29:54.148481+00,2026-09-19 17:29:58.780423+00,2026-09-19 17:29:58.786716+00
11,F1,B,2026-09-19 17:29:19.112+00,2026-09-19 17:29:24.036335+00,2026-09-19 17:30:29.122267+00,2026-09-19 17:30:39.625865+00,2026-09-19 17:30:39.63818+00
11,F1,B,2026-09-19 17:30:54.054+00,2026-09-19 17:30:59.040681+00,2026-09-19 17:32:04.191358+00,2026-09-19 17:32:15.006342+00,2026-09-19 17:32:15.014211+00
11,F1,B,2026-09-19 17:32:39.05+00,2026-09-19 17:32:44.02834+00,2026-09-19 17:33:44.198899+00,2026-09-19 17:33:51.714588+00,2026-09-19 17:33:51.724611+00
11,F1,B,2026-09-19 17:33:34.087+00,2026-09-19 17:33:39.035986+00,2026-09-19 17:34:44.157798+00,2026-09-19 17:34:50.181164+00,2026-09-19 17:34:50.186868+00
11,F1,B,2026-09-19 17:34:59.047+00,2026-09-19 17:35:04.035615+00,2026-09-19 17:36:09.115981+00,2026-09-19 17:36:16.319056+00,2026-09-19 17:36:16.32906+00
11,F1,B,2026-09-19 17:37:09.045+00,2026-09-19 17:37:14.034014+00,2026-09-19 17:38:19.129047+00,2026-09-19 17:38:29.115489+00,2026-09-19 17:38:29.122708+00
11,F1,B,2026-09-19 17:39:39.057+00,2026-09-19 17:39:44.027754+00,2026-09-19 17:40:29.19173+00,2026-09-19 17:40:45.167317+00,2026-09-19 17:40:45.177843+00
11,F1,B,2026-09-19 17:39:59.05+00,2026-09-19 17:40:04.042135+00,2026-09-19 17:41:09.148555+00,2026-09-19 17:41:14.848574+00,2026-09-19 17:41:14.857868+00
11,F1,B,2026-09-19 17:40:29.044+00,2026-09-19 17:40:34.029323+00,2026-09-19 17:41:39.137689+00,2026-09-19 17:41:47.27989+00,2026-09-19 17:41:47.286815+00
11,F1,B,2026-09-19 17:41:59.033+00,2026-09-19 17:42:04.026013+00,2026-09-19 17:42:49.15494+00,2026-09-19 17:42:58.532625+00,2026-09-19 17:42:58.540066+00
11,F1,B,2026-09-19 17:42:49.04+00,2026-09-19 17:42:54.021781+00,2026-09-19 17:43:54.089888+00,2026-09-19 17:44:01.992718+00,2026-09-19 17:44:02.003977+00
11,F1,B,2026-09-19 17:43:14.023+00,2026-09-19 17:43:19.024485+00,2026-09-19 17:44:24.125864+00,2026-09-19 17:44:29.987756+00,2026-09-19 17:44:29.995616+00
11,F1,B,2026-09-19 17:45:09.067+00,2026-09-19 17:45:14.026224+00,2026-09-19 17:46:19.198128+00,2026-09-19 17:46:27.352945+00,2026-09-19 17:46:27.372065+00
11,F1,B,2026-09-19 17:45:29.055+00,2026-09-19 17:45:34.027935+00,2026-09-19 17:46:34.110364+00,2026-09-19 17:46:38.853078+00,2026-09-19 17:46:38.859324+00
11,F1,B,2026-09-19 17:45:49.022+00,2026-09-19 17:45:54.025105+00,2026-09-19 17:46:59.111028+00,2026-09-19 17:46:59.12513+00,2026-09-19 17:46:59.134248+00
12,F1,C,2026-09-19 17:50:04.013+00,2026-09-19 17:50:04.029673+00,2026-09-19 17:51:09.138372+00,2026-09-19 17:51:09.147392+00,2026-09-19 17:51:09.154976+00
12,F1,C,2026-09-19 17:51:54.037+00,2026-09-19 17:51:59.026803+00,2026-09-19 17:53:04.162304+00,2026-09-19 17:53:04.175015+00,2026-09-19 17:53:04.201909+00
12,F1,C,2026-09-19 17:53:39.064+00,2026-09-19 17:53:44.020583+00,2026-09-19 17:53:44.104285+00,2026-09-19 17:53:44.114398+00,2026-09-19 17:53:44.120416+00
12,F1,C,2026-09-19 17:53:44.062+00,2026-09-19 17:53:49.033862+00,2026-09-19 17:54:54.155383+00,2026-09-19 17:54:54.168529+00,2026-09-19 17:54:54.175735+00
12,F1,C,2026-09-19 17:54:54.119+00,2026-09-19 17:54:59.026973+00,2026-09-19 17:56:04.086639+00,2026-09-19 17:56:04.093814+00,2026-09-19 17:56:04.099682+00
12,F1,C,2026-09-19 17:55:24.036+00,2026-09-19 17:55:29.012279+00,2026-09-19 17:56:19.069319+00,2026-09-19 17:56:19.076646+00,2026-09-19 17:56:19.082039+00
12,F1,C,2026-09-19 17:55:24.043+00,2026-09-19 17:55:29.024667+00,2026-09-19 17:55:29.144913+00,2026-09-19 17:55:29.157902+00,2026-09-19 17:55:29.16488+00
12,F1,C,2026-09-19 17:58:54.021+00,2026-09-19 17:58:59.009207+00,2026-09-19 17:59:59.166223+00,2026-09-19 17:59:59.175073+00,2026-09-19 17:59:59.184991+00
12,F1,C,2026-09-19 18:00:04.068+00,2026-09-19 18:00:09.019982+00,2026-09-19 18:01:09.105814+00,2026-09-19 18:01:09.117026+00,2026-09-19 18:01:09.126616+00
12,F1,C,2026-09-19 18:02:44.041+00,2026-09-19 18:02:49.01451+00,2026-09-19 18:03:54.124731+00,2026-09-19 18:03:54.133015+00,2026-09-19 18:03:54.138977+00
12,F1,C,2026-09-19 18:06:19.03+00,2026-09-19 18:06:24.011229+00,2026-09-19 18:07:05.112933+00,2026-09-19 18:07:05.567764+00,2026-09-19 18:07:05.807146+00
12,F1,C,2026-09-19 18:06:24.012+00,2026-09-19 18:06:29.014046+00,2026-09-19 18:07:34.076551+00,2026-09-19 18:07:34.084468+00,2026-09-19 18:07:34.089804+00
12,F1,C,2026-09-19 18:07:04.217+00,2026-09-19 18:07:09.010716+00,2026-09-19 18:08:14.104963+00,2026-09-19 18:08:14.137236+00,2026-09-19 18:08:14.143072+00
12,F1,C,2026-09-19 18:08:59.012+00,2026-09-19 18:09:04.003777+00,2026-09-19 18:10:04.206449+00,2026-09-19 18:10:04.214321+00,2026-09-19 18:10:04.219902+00
12,F1,C,2026-09-19 18:11:24.003+00,2026-09-19 18:11:29.01087+00,2026-09-19 18:12:34.145425+00,2026-09-19 18:12:34.157077+00,2026-09-19 18:12:34.166727+00
13,F5,C,2026-09-19 18:18:04+00,2026-09-19 18:18:09.008299+00,2026-09-19 18:19:14.094281+00,2026-09-19 18:19:14.104228+00,2026-09-19 18:19:14.111169+00
13,F5,C,2026-09-19 18:19:39.017+00,2026-09-19 18:19:44.000758+00,2026-09-19 18:20:44.157479+00,2026-09-19 18:20:44.164981+00,2026-09-19 18:20:44.170831+00
13,F5,C,2026-09-19 18:20:49.03+00,2026-09-19 18:20:53.9985+00,2026-09-19 18:21:49.058789+00,2026-09-19 18:21:49.066659+00,2026-09-19 18:21:49.072593+00
13,F5,C,2026-09-19 18:21:49.026+00,2026-09-19 18:21:53.991346+00,2026-09-19 18:22:59.066758+00,2026-09-19 18:22:59.07417+00,2026-09-19 18:22:59.07972+00
13,F5,C,2026-09-19 18:21:59.012+00,2026-09-19 18:22:03.992242+00,2026-09-19 18:23:04.054971+00,2026-09-19 18:23:04.061567+00,2026-09-19 18:23:04.06725+00
13,F5,C,2026-09-19 18:22:04.025+00,2026-09-19 18:22:08.997944+00,2026-09-19 18:23:14.064463+00,2026-09-19 18:23:14.072239+00,2026-09-19 18:23:14.079178+00
13,F5,C,2026-09-19 18:23:19.032+00,2026-09-19 18:23:24.001356+00,2026-09-19 18:24:29.257583+00,2026-09-19 18:24:29.264742+00,2026-09-19 18:24:29.270463+00
13,F5,C,2026-09-19 18:23:24.03+00,2026-09-19 18:23:28.996038+00,2026-09-19 18:24:29.145249+00,2026-09-19 18:24:29.156126+00,2026-09-19 18:24:29.16505+00
13,F5,C,2026-09-19 18:24:39.008+00,2026-09-19 18:24:43.988297+00,2026-09-19 18:25:44.110277+00,2026-09-19 18:25:44.117225+00,2026-09-19 18:25:44.123166+00
13,F5,C,2026-09-19 18:26:09.016+00,2026-09-19 18:26:13.995211+00,2026-09-19 18:27:19.12769+00,2026-09-19 18:27:19.136358+00,2026-09-19 18:27:19.142892+00
13,F5,C,2026-09-19 18:26:44+00,2026-09-19 18:26:48.99511+00,2026-09-19 18:27:54.094459+00,2026-09-19 18:27:54.102649+00,2026-09-19 18:27:54.108347+00
13,F5,C,2026-09-19 18:27:54.004+00,2026-09-19 18:27:58.994024+00,2026-09-19 18:29:04.10648+00,2026-09-19 18:29:04.113602+00,2026-09-19 18:29:04.118125+00
13,F5,C,2026-09-19 18:29:04.009+00,2026-09-19 18:29:08.999658+00,2026-09-19 18:30:14.046311+00,2026-09-19 18:30:14.05592+00,2026-09-19 18:30:14.062635+00
13,F5,C,2026-09-19 18:29:39.039+00,2026-09-19 18:29:44.018176+00,2026-09-19 18:30:49.04239+00,2026-09-19 18:30:49.055851+00,2026-09-19 18:30:49.061279+00
13,F5,C,2026-09-19 18:30:48.995+00,2026-09-19 18:30:53.999094+00,2026-09-19 18:31:59.133267+00,2026-09-19 18:31:59.14174+00,2026-09-19 18:31:59.147572+00
13,F5,C,2026-09-19 18:31:58.992+00,2026-09-19 18:32:03.992783+00,2026-09-19 18:33:04.04433+00,2026-09-19 18:33:04.052644+00,2026-09-19 18:33:04.059026+00
13,F5,C,2026-09-19 18:32:08.999+00,2026-09-19 18:32:13.982124+00,2026-09-19 18:33:14.071171+00,2026-09-19 18:33:14.079094+00,2026-09-19 18:33:14.08587+00
13,F5,C,2026-09-19 18:33:18.991+00,2026-09-19 18:33:23.995246+00,2026-09-19 18:34:29.094496+00,2026-09-19 18:34:29.102854+00,2026-09-19 18:34:29.108598+00
13,F5,C,2026-09-19 18:34:29.011+00,2026-09-19 18:34:33.983253+00,2026-09-19 18:35:34.044806+00,2026-09-19 18:35:34.053011+00,2026-09-19 18:35:34.059718+00
13,F5,C,2026-09-19 18:35:04.035+00,2026-09-19 18:35:08.991615+00,2026-09-19 18:35:44.049424+00,2026-09-19 18:35:44.057631+00,2026-09-19 18:35:44.061773+00
13,F5,C,2026-09-19 18:35:23.998+00,2026-09-19 18:35:28.988139+00,2026-09-19 18:36:29.095687+00,2026-09-19 18:36:29.104377+00,2026-09-19 18:36:29.109634+00
13,F5,C,2026-09-19 18:37:14.042+00,2026-09-19 18:37:18.984194+00,2026-09-19 18:38:19.100578+00,2026-09-19 18:38:19.10697+00,2026-09-19 18:38:19.112181+00
14,F5,A,2026-09-19 18:40:23.993+00,2026-09-19 18:40:28.980436+00,2026-09-19 18:41:34.039716+00,2026-09-19 18:41:34.047646+00,
14,F5,A,2026-09-19 18:44:59.014+00,2026-09-19 18:45:04.004819+00,2026-09-19 18:46:09.161591+00,2026-09-19 18:46:09.169684+00,
14,F5,A,2026-09-19 18:46:04.009+00,2026-09-19 18:46:08.978002+00,2026-09-19 18:46:09.098125+00,2026-09-19 18:46:09.108559+00,
14,F5,A,2026-09-19 18:46:54+00,2026-09-19 18:46:58.978637+00,2026-09-19 18:48:04.076989+00,2026-09-19 18:48:04.084936+00,
14,F5,A,2026-09-19 18:47:08.996+00,2026-09-19 18:47:13.98728+00,2026-09-19 18:48:19.01898+00,2026-09-19 18:48:19.02518+00,
14,F5,A,2026-09-19 18:48:23.993+00,2026-09-19 18:48:28.968992+00,2026-09-19 18:49:29.003886+00,2026-09-19 18:49:29.010225+00,
14,F5,A,2026-09-19 18:48:29.002+00,2026-09-19 18:48:33.971548+00,2026-09-19 18:49:39.020861+00,2026-09-19 18:49:39.029008+00,
14,F5,A,2026-09-19 18:50:28.954+00,2026-09-19 18:50:28.968848+00,2026-09-19 18:51:34.06919+00,2026-09-19 18:51:34.084956+00,
14,F5,A,2026-09-19 18:53:58.924+00,2026-09-19 18:54:03.930487+00,2026-09-19 18:55:09.018577+00,2026-09-19 18:55:09.028286+00,
14,F5,A,2026-09-19 18:58:03.887+00,2026-09-19 18:58:08.890224+00,2026-09-19 18:58:24.018991+00,2026-09-19 18:58:24.03055+00,
14,F5,A,2026-09-19 18:58:28.894+00,2026-09-19 18:58:33.892057+00,2026-09-19 18:59:38.921306+00,2026-09-19 18:59:38.928485+00,
14,F5,A,2026-09-19 18:59:38.891+00,2026-09-19 18:59:43.881099+00,2026-09-19 19:00:48.976541+00,2026-09-19 19:00:48.983683+00,
14,F5,A,2026-09-19 19:00:13.868+00,2026-09-19 19:00:13.883956+00,2026-09-19 19:01:08.928143+00,2026-09-19 19:01:08.935061+00,
14,F5,A,2026-09-19 19:00:48.888+00,2026-09-19 19:00:53.870189+00,2026-09-19 19:01:53.955531+00,2026-09-19 19:01:53.965688+00,
14,F5,A,2026-09-19 19:01:53.927+00,2026-09-19 19:01:58.864103+00,2026-09-19 19:03:03.983674+00,2026-09-19 19:03:03.994447+00,
14,F5,A,2026-09-19 19:02:13.894+00,2026-09-19 19:02:18.862183+00,2026-09-19 19:03:23.927263+00,2026-09-19 19:03:23.94117+00,
14,F5,A,2026-09-19 19:03:23.931+00,2026-09-19 19:03:28.851052+00,2026-09-19 19:04:33.94972+00,2026-09-19 19:04:33.959777+00,
14,F5,A,2026-09-19 19:04:38.861+00,2026-09-19 19:04:43.843192+00,2026-09-19 19:05:48.967705+00,2026-09-19 19:05:48.978436+00,
15,F5,B,2026-09-19 20:03:54.242+00,2026-09-19 20:03:59.243577+00,2026-09-19 20:05:04.3119+00,2026-09-19 20:05:09.975752+00,2026-09-19 20:05:09.98674+00
15,F5,B,2026-09-19 20:07:29.23+00,2026-09-19 20:07:34.219902+00,2026-09-19 20:08:39.384864+00,2026-09-19 20:08:48.74353+00,2026-09-19 20:08:48.761625+00
15,F5,B,2026-09-19 20:07:39.253+00,2026-09-19 20:07:44.228438+00,2026-09-19 20:08:44.316469+00,2026-09-19 20:08:53.011153+00,2026-09-19 20:08:53.020922+00
15,F5,B,2026-09-19 20:09:14.231+00,2026-09-19 20:09:19.218985+00,2026-09-19 20:10:24.296416+00,2026-09-19 20:10:30.790162+00,2026-09-19 20:10:30.79955+00
15,F5,B,2026-09-19 20:10:19.234+00,2026-09-19 20:10:24.225064+00,2026-09-19 20:11:29.28762+00,2026-09-19 20:11:33.047098+00,2026-09-19 20:11:33.061367+00
15,F5,B,2026-09-19 20:15:14.223+00,2026-09-19 20:15:19.203393+00,2026-09-19 20:16:09.345447+00,2026-09-19 20:16:19.001638+00,2026-09-19 20:16:19.015907+00
15,F5,B,2026-09-19 20:16:59.205+00,2026-09-19 20:17:04.195903+00,2026-09-19 20:18:09.320708+00,2026-09-19 20:18:18.26791+00,2026-09-19 20:18:18.280223+00
15,F5,B,2026-09-19 20:18:49.198+00,2026-09-19 20:18:54.20313+00,2026-09-19 20:19:59.337825+00,2026-09-19 20:20:07.071942+00,2026-09-19 20:20:07.079886+00
15,F5,B,2026-09-19 20:21:29.186+00,2026-09-19 20:21:34.193421+00,2026-09-19 20:22:34.321863+00,2026-09-19 20:22:43.612401+00,2026-09-19 20:22:43.623756+00
15,F5,B,2026-09-19 20:22:19.206+00,2026-09-19 20:22:24.189278+00,2026-09-19 20:23:24.307417+00,2026-09-19 20:23:32.24205+00,2026-09-19 20:23:32.252032+00
15,F5,B,2026-09-19 20:23:29.208+00,2026-09-19 20:23:34.179936+00,2026-09-19 20:24:34.320125+00,2026-09-19 20:24:40.784474+00,2026-09-19 20:24:40.822231+00
15,F5,B,2026-09-19 20:26:29.181+00,2026-09-19 20:26:34.180355+00,2026-09-19 20:27:24.354236+00,2026-09-19 20:27:33.108374+00,2026-09-19 20:27:33.11952+00
15,F5,B,2026-09-19 20:27:19.186+00,2026-09-19 20:27:24.177107+00,2026-09-19 20:28:29.282018+00,2026-09-19 20:28:37.11385+00,2026-09-19 20:28:37.16473+00
15,F5,B,2026-09-19 20:28:44.187+00,2026-09-19 20:28:49.167279+00,2026-09-19 20:29:54.357488+00,2026-09-19 20:30:00.998984+00,2026-09-19 20:30:01.010898+00
15,F5,B,2026-09-19 20:29:19.186+00,2026-09-19 20:29:24.179912+00,2026-09-19 20:29:54.426248+00,2026-09-19 20:30:09.274337+00,2026-09-19 20:30:09.290042+00
16,F5,B,2026-09-19 20:32:19.181+00,2026-09-19 20:32:24.162991+00,2026-09-19 20:33:29.260709+00,2026-09-19 20:33:38.585075+00,2026-09-19 20:33:38.600347+00
16,F5,B,2026-09-19 20:34:09.158+00,2026-09-19 20:34:14.158956+00,2026-09-19 20:35:19.279651+00,2026-09-19 20:35:25.715073+00,2026-09-19 20:35:25.723686+00
16,F5,B,2026-09-19 20:34:49.179+00,2026-09-19 20:34:54.156003+00,2026-09-19 20:35:54.232984+00,2026-09-19 20:35:59.73723+00,2026-09-19 20:35:59.746912+00
16,F5,B,2026-09-19 20:35:44.198+00,2026-09-19 20:35:49.150594+00,2026-09-19 20:36:44.231178+00,2026-09-19 20:36:49.240497+00,2026-09-19 20:36:49.247888+00
16,F5,B,2026-09-19 20:39:39.156+00,2026-09-19 20:39:44.153422+00,2026-09-19 20:40:49.310863+00,2026-09-19 20:40:56.511171+00,2026-09-19 20:40:56.522923+00
16,F5,B,2026-09-19 20:39:44.154+00,2026-09-19 20:39:49.151816+00,2026-09-19 20:40:54.224937+00,2026-09-19 20:41:01.315498+00,2026-09-19 20:41:01.328003+00
16,F5,B,2026-09-19 20:44:54.138+00,2026-09-19 20:44:59.134921+00,2026-09-19 20:46:04.296902+00,2026-09-19 20:46:12.786556+00,2026-09-19 20:46:12.793199+00
16,F5,B,2026-09-19 20:47:09.143+00,2026-09-19 20:47:14.141793+00,2026-09-19 20:48:19.275016+00,2026-09-19 20:48:26.155507+00,2026-09-19 20:48:26.164117+00
16,F5,B,2026-09-19 20:48:19.127+00,2026-09-19 20:48:24.132051+00,2026-09-19 20:49:29.271675+00,2026-09-19 20:49:35.205364+00,2026-09-19 20:49:35.214013+00
16,F5,B,2026-09-19 20:50:34.158+00,2026-09-19 20:50:39.13279+00,2026-09-19 20:51:44.355123+00,2026-09-19 20:51:52.614922+00,2026-09-19 20:51:52.64124+00
16,F5,B,2026-09-19 20:51:24.122+00,2026-09-19 20:51:29.133236+00,2026-09-19 20:52:34.343464+00,2026-09-19 20:52:50.243531+00,2026-09-19 20:52:50.250792+00
16,F5,B,2026-09-19 20:51:24.16+00,2026-09-19 20:51:29.144652+00,2026-09-19 20:52:34.2111+00,2026-09-19 20:52:40.235155+00,2026-09-19 20:52:40.250144+00
16,F5,B,2026-09-19 20:52:44.123+00,2026-09-19 20:52:49.12103+00,2026-09-19 20:53:54.881423+00,2026-09-19 20:54:03.370362+00,2026-09-19 20:54:03.387577+00
16,F5,B,2026-09-19 20:54:44.124+00,2026-09-19 20:54:49.120152+00,2026-09-19 20:55:54.193362+00,2026-09-19 20:55:54.233397+00,
17,F5,A,2026-09-19 20:58:29.118+00,2026-09-19 20:58:34.11259+00,2026-09-19 20:59:39.278631+00,2026-09-19 20:59:39.345491+00,
17,F5,A,2026-09-19 21:00:14.108+00,2026-09-19 21:00:19.11889+00,2026-09-19 21:01:24.276965+00,2026-09-19 21:01:24.288528+00,
17,F5,A,2026-09-19 21:01:04.13+00,2026-09-19 21:01:09.117381+00,2026-09-19 21:01:59.166248+00,2026-09-19 21:01:59.198963+00,
17,F5,A,2026-09-19 21:02:49.13+00,2026-09-19 21:02:54.104505+00,2026-09-19 21:03:54.254105+00,2026-09-19 21:03:54.262227+00,
17,F5,A,2026-09-19 21:03:44.116+00,2026-09-19 21:03:49.104555+00,2026-09-19 21:04:54.143731+00,2026-09-19 21:04:54.172662+00,
17,F5,A,2026-09-19 21:05:44.103+00,2026-09-19 21:05:49.096337+00,2026-09-19 21:06:49.240223+00,2026-09-19 21:06:49.25362+00,
17,F5,A,2026-09-19 21:05:44.114+00,2026-09-19 21:05:49.105276+00,2026-09-19 21:06:54.157098+00,2026-09-19 21:06:54.162265+00,
17,F5,A,2026-09-19 21:09:14.103+00,2026-09-19 21:09:19.096143+00,2026-09-19 21:10:24.214932+00,2026-09-19 21:10:24.234657+00,
17,F5,A,2026-09-19 21:11:09.086+00,2026-09-19 21:11:14.091143+00,2026-09-19 21:12:14.199374+00,2026-09-19 21:12:14.205974+00,
17,F5,A,2026-09-19 21:11:54.094+00,2026-09-19 21:11:54.109058+00,2026-09-19 21:12:59.151314+00,2026-09-19 21:12:59.157169+00,
17,F5,A,2026-09-19 21:12:49.092+00,2026-09-19 21:12:54.094714+00,2026-09-19 21:13:54.144653+00,2026-09-19 21:13:54.150319+00,
17,F5,A,2026-09-19 21:14:19.091+00,2026-09-19 21:14:24.08211+00,2026-09-19 21:14:59.19783+00,2026-09-19 21:14:59.205134+00,
17,F5,A,2026-09-19 21:15:04.095+00,2026-09-19 21:15:09.080565+00,2026-09-19 21:16:09.209341+00,2026-09-19 21:16:09.216406+00,
17,F5,A,2026-09-19 21:16:49.1+00,2026-09-19 21:16:54.081822+00,2026-09-19 21:17:04.176743+00,2026-09-19 21:17:04.184971+00,
17,F5,A,2026-09-19 21:17:44.08+00,2026-09-19 21:17:44.085977+00,2026-09-19 21:18:49.214989+00,2026-09-19 21:18:49.222748+00,
17,F5,A,2026-09-19 21:18:49.092+00,2026-09-19 21:18:54.073219+00,2026-09-19 21:19:54.142735+00,2026-09-19 21:19:54.157413+00,
17,F5,A,2026-09-19 21:20:29.093+00,2026-09-19 21:20:34.070546+00,2026-09-19 21:21:39.253683+00,2026-09-19 21:21:39.380752+00,
18,F5,C,2026-09-19 21:22:24.09+00,2026-09-19 21:22:29.080303+00,2026-09-19 21:23:34.172578+00,2026-09-19 21:23:34.178623+00,2026-09-19 21:23:34.185087+00
18,F5,C,2026-09-19 21:26:14.073+00,2026-09-19 21:26:19.069427+00,2026-09-19 21:27:19.188206+00,2026-09-19 21:27:19.204616+00,2026-09-19 21:27:19.21269+00
18,F5,C,2026-09-19 21:27:19.079+00,2026-09-19 21:27:24.072699+00,2026-09-19 21:28:29.119208+00,2026-09-19 21:28:29.12912+00,2026-09-19 21:28:29.135249+00
18,F5,C,2026-09-19 21:27:39.079+00,2026-09-19 21:27:44.069914+00,2026-09-19 21:28:49.164408+00,2026-09-19 21:28:49.170778+00,2026-09-19 21:28:49.177316+00
18,F5,C,2026-09-19 21:30:39.096+00,2026-09-19 21:30:44.056875+00,2026-09-19 21:31:49.177175+00,2026-09-19 21:31:49.185408+00,2026-09-19 21:31:49.192548+00
18,F5,C,2026-09-19 21:31:49.09+00,2026-09-19 21:31:54.05408+00,2026-09-19 21:32:54.117439+00,2026-09-19 21:32:54.124394+00,2026-09-19 21:32:54.133054+00
18,F5,C,2026-09-19 21:32:09.073+00,2026-09-19 21:32:14.069571+00,2026-09-19 21:33:19.159108+00,2026-09-19 21:33:19.167383+00,2026-09-19 21:33:19.175274+00
18,F5,C,2026-09-19 21:32:34.057+00,2026-09-19 21:32:39.061885+00,2026-09-19 21:33:44.108103+00,2026-09-19 21:33:44.114262+00,2026-09-19 21:33:44.120167+00
18,F5,C,2026-09-19 21:33:44.065+00,2026-09-19 21:33:49.051291+00,2026-09-19 21:34:49.11625+00,2026-09-19 21:34:49.125804+00,2026-09-19 21:34:49.131752+00
18,F5,C,2026-09-19 21:33:59.072+00,2026-09-19 21:34:04.059794+00,2026-09-19 21:34:24.178066+00,2026-09-19 21:34:24.184456+00,2026-09-19 21:34:24.190629+00
18,F5,C,2026-09-19 21:37:49.052+00,2026-09-19 21:37:54.056482+00,2026-09-19 21:38:59.160492+00,2026-09-19 21:38:59.171763+00,2026-09-19 21:38:59.188903+00
18,F5,C,2026-09-19 21:38:59.057+00,2026-09-19 21:39:04.054695+00,2026-09-19 21:40:09.162028+00,2026-09-19 21:40:09.171267+00,2026-09-19 21:40:09.179617+00
18,F5,C,2026-09-19 21:39:24.059+00,2026-09-19 21:39:29.057008+00,2026-09-19 21:40:34.105764+00,2026-09-19 21:40:34.113248+00,2026-09-19 21:40:34.119995+00
18,F5,C,2026-09-19 21:40:34.042+00,2026-09-19 21:40:39.050783+00,2026-09-19 21:41:44.093858+00,2026-09-19 21:41:44.100015+00,2026-09-19 21:41:44.106792+00
18,F5,C,2026-09-19 21:41:54.051+00,2026-09-19 21:41:59.044457+00,2026-09-19 21:42:59.162291+00,2026-09-19 21:42:59.170382+00,2026-09-19 21:42:59.177562+00
18,F5,C,2026-09-19 21:43:09.075+00,2026-09-19 21:43:14.041087+00,2026-09-19 21:44:14.12623+00,2026-09-19 21:44:14.135838+00,2026-09-19 21:44:14.142469+00
18,F5,C,2026-09-19 21:43:44.043+00,2026-09-19 21:43:49.035885+00,2026-09-19 21:44:49.104496+00,2026-09-19 21:44:49.109872+00,2026-09-19 21:44:49.116881+00
18,F5,C,2026-09-19 21:43:59.047+00,2026-09-19 21:44:04.050131+00,2026-09-19 21:44:04.143026+00,2026-09-19 21:44:04.149018+00,2026-09-19 21:44:04.155595+00
18,F5,C,2026-09-19 21:44:04.059+00,2026-09-19 21:44:09.041467+00,2026-09-19 21:45:14.133853+00,2026-09-19 21:45:14.139165+00,2026-09-19 21:45:14.143989+00
18,F5,C,2026-09-19 21:45:39.059+00,2026-09-19 21:45:44.042762+00,2026-09-19 21:46:29.161084+00,2026-09-19 21:46:29.168205+00,2026-09-19 21:46:29.174324+00
18,F5,C,2026-09-19 21:45:54.059+00,2026-09-19 21:45:59.049977+00,2026-09-19 21:46:54.152325+00,2026-09-19 21:46:54.159397+00,2026-09-19 21:46:54.163569+00
18,F5,C,2026-09-19 21:46:44.052+00,2026-09-19 21:46:49.042771+00,2026-09-19 21:47:54.100912+00,2026-09-19 21:47:54.108953+00,2026-09-19 21:47:54.115513+00
19,F2,C,2026-09-19 21:53:04.038+00,2026-09-19 21:53:09.030523+00,2026-09-19 21:54:14.144341+00,2026-09-19 21:54:14.152003+00,2026-09-19 21:54:14.158579+00
19,F2,C,2026-09-19 21:54:14.04+00,2026-09-19 21:54:19.029727+00,2026-09-19 21:55:24.11784+00,2026-09-19 21:55:24.175638+00,2026-09-19 21:55:24.218287+00
19,F2,C,2026-09-19 21:55:04.055+00,2026-09-19 21:55:09.027311+00,2026-09-19 21:56:14.090116+00,2026-09-19 21:56:14.097339+00,2026-09-19 21:56:14.10423+00
19,F2,C,2026-09-19 21:55:14.049+00,2026-09-19 21:55:19.026593+00,2026-09-19 21:56:09.143384+00,2026-09-19 21:56:09.150891+00,2026-09-19 21:56:09.158608+00
19,F2,C,2026-09-19 21:55:39.026+00,2026-09-19 21:55:44.03702+00,2026-09-19 21:56:49.095554+00,2026-09-19 21:56:49.103259+00,2026-09-19 21:56:49.109074+00
19,F2,C,2026-09-19 21:58:19.047+00,2026-09-19 21:58:24.030868+00,2026-09-19 21:59:29.171382+00,2026-09-19 21:59:29.180094+00,2026-09-19 21:59:29.186724+00
19,F2,C,2026-09-19 21:58:24.031+00,2026-09-19 21:58:29.017109+00,2026-09-19 21:59:34.117494+00,2026-09-19 21:59:34.123832+00,2026-09-19 21:59:34.130792+00
19,F2,C,2026-09-19 22:00:04.02+00,2026-09-19 22:00:04.029171+00,2026-09-19 22:01:09.134739+00,2026-09-19 22:01:09.140789+00,2026-09-19 22:01:09.146166+00
19,F2,C,2026-09-19 22:00:04.026+00,2026-09-19 22:00:09.027747+00,2026-09-19 22:01:14.104971+00,2026-09-19 22:01:14.114214+00,2026-09-19 22:01:14.119289+00
19,F2,C,2026-09-19 22:02:49.03+00,2026-09-19 22:02:54.020731+00,2026-09-19 22:03:59.183561+00,2026-09-19 22:03:59.192293+00,2026-09-19 22:03:59.199574+00
19,F2,C,2026-09-19 22:03:19.02+00,2026-09-19 22:03:24.014246+00,2026-09-19 22:04:24.098117+00,2026-09-19 22:04:24.105856+00,2026-09-19 22:04:24.113246+00
19,F2,C,2026-09-19 22:04:04.025+00,2026-09-19 22:04:09.013895+00,2026-09-19 22:05:09.127667+00,2026-09-19 22:05:09.134496+00,2026-09-19 22:05:09.140635+00
19,F2,C,2026-09-19 22:05:44.02+00,2026-09-19 22:05:49.012354+00,2026-09-19 22:06:49.186685+00,2026-09-19 22:06:49.221409+00,2026-09-19 22:06:49.229921+00
19,F2,C,2026-09-19 22:06:29.022+00,2026-09-19 22:06:34.027442+00,2026-09-19 22:07:34.086136+00,2026-09-19 22:07:34.093447+00,2026-09-19 22:07:34.098758+00
19,F2,C,2026-09-19 22:06:49.016+00,2026-09-19 22:06:54.009496+00,2026-09-19 22:07:54.077896+00,2026-09-19 22:07:54.083916+00,2026-09-19 22:07:54.089172+00
19,F2,C,2026-09-19 22:08:24.017+00,2026-09-19 22:08:29.003655+00,2026-09-19 22:09:34.127476+00,2026-09-19 22:09:34.134844+00,2026-09-19 22:09:34.142031+00
19,F2,C,2026-09-19 22:09:29.028+00,2026-09-19 22:09:34.01358+00,2026-09-19 22:10:39.162347+00,2026-09-19 22:10:39.167627+00,2026-09-19 22:10:39.172753+00
19,F2,C,2026-09-19 22:09:34.011+00,2026-09-19 22:09:39.009793+00,2026-09-19 22:10:39.063905+00,2026-09-19 22:10:39.069652+00,2026-09-19 22:10:39.074531+00
19,F2,C,2026-09-19 22:12:08.999+00,2026-09-19 22:12:14.010073+00,2026-09-19 22:13:19.110154+00,2026-09-19 22:13:19.117247+00,2026-09-19 22:13:19.124125+00
19,F2,C,2026-09-19 22:12:14.027+00,2026-09-19 22:12:19.011301+00,2026-09-19 22:13:24.110081+00,2026-09-19 22:13:24.116175+00,2026-09-19 22:13:24.122291+00
20,F2,B,2026-09-19 23:54:54.672+00,2026-09-19 23:54:59.667919+00,2026-09-19 23:56:05.126386+00,2026-09-19 23:56:19.026311+00,2026-09-19 23:56:19.035204+00
20,F2,B,2026-09-19 23:54:54.684+00,2026-09-19 23:54:59.976356+00,2026-09-19 23:56:05.248456+00,2026-09-19 23:56:11.977252+00,2026-09-19 23:56:12.104337+00
20,F2,B,2026-09-19 23:58:09.663+00,2026-09-19 23:58:14.665422+00,2026-09-19 23:59:19.758766+00,2026-09-19 23:59:29.675043+00,2026-09-19 23:59:29.684228+00
20,F2,B,2026-09-19 23:59:34.675+00,2026-09-19 23:59:39.666065+00,2026-09-20 00:00:44.768721+00,2026-09-20 00:00:50.576007+00,2026-09-20 00:00:50.582893+00
20,F2,B,2026-09-20 00:02:24.672+00,2026-09-20 00:02:29.66955+00,2026-09-20 00:03:34.864247+00,2026-09-20 00:03:49.529465+00,2026-09-20 00:03:49.537048+00
20,F2,B,2026-09-20 00:02:24.682+00,2026-09-20 00:02:29.674219+00,2026-09-20 00:03:34.772552+00,2026-09-20 00:03:41.787311+00,2026-09-20 00:03:41.795731+00
20,F2,B,2026-09-20 00:03:54.665+00,2026-09-20 00:03:59.667397+00,2026-09-20 00:05:04.768135+00,2026-09-20 00:05:12.255763+00,2026-09-20 00:05:12.263248+00
20,F2,B,2026-09-20 00:06:59.668+00,2026-09-20 00:07:04.665884+00,2026-09-20 00:08:09.787665+00,2026-09-20 00:08:23.338731+00,2026-09-20 00:08:23.344537+00
20,F2,B,2026-09-20 00:10:29.66+00,2026-09-20 00:10:34.668544+00,2026-09-20 00:11:39.829698+00,2026-09-20 00:11:46.440423+00,2026-09-20 00:11:46.447936+00
20,F2,B,2026-09-20 00:12:59.672+00,2026-09-20 00:13:04.670438+00,2026-09-20 00:14:09.770523+00,2026-09-20 00:14:17.25073+00,2026-09-20 00:14:17.257687+00
20,F2,B,2026-09-20 00:13:34.679+00,2026-09-20 00:13:39.662638+00,2026-09-20 00:14:44.720153+00,2026-09-20 00:14:49.652868+00,2026-09-20 00:14:49.660495+00
20,F2,B,2026-09-20 00:13:59.671+00,2026-09-20 00:14:04.665623+00,2026-09-20 00:15:04.771272+00,2026-09-20 00:15:10.09011+00,2026-09-20 00:15:10.097809+00
20,F2,B,2026-09-20 00:14:54.677+00,2026-09-20 00:14:59.664394+00,2026-09-20 00:15:59.774687+00,2026-09-20 00:16:06.120349+00,2026-09-20 00:16:06.128094+00
20,F2,B,2026-09-20 00:17:19.675+00,2026-09-20 00:17:24.66162+00,2026-09-20 00:18:24.756072+00,2026-09-20 00:18:33.147651+00,2026-09-20 00:18:33.152476+00
20,F2,B,2026-09-20 00:17:44.675+00,2026-09-20 00:17:49.673534+00,2026-09-20 00:18:54.724803+00,2026-09-20 00:18:59.380267+00,2026-09-20 00:18:59.386317+00
20,F2,B,2026-09-20 00:18:19.679+00,2026-09-20 00:18:24.667351+00,2026-09-20 00:19:29.711755+00,2026-09-20 00:19:34.749747+00,2026-09-20 00:19:34.7563+00
21,F2,A,2026-09-20 00:23:39.663+00,2026-09-20 00:23:44.660632+00,2026-09-20 00:24:44.749509+00,2026-09-20 00:24:44.754366+00,
21,F2,A,2026-09-20 00:24:39.679+00,2026-09-20 00:24:44.66326+00,2026-09-20 00:25:49.71864+00,2026-09-20 00:25:49.725164+00,
21,F2,A,2026-09-20 00:25:04.659+00,2026-09-20 00:25:04.675452+00,2026-09-20 00:26:09.711378+00,2026-09-20 00:26:09.716226+00,
21,F2,A,2026-09-20 00:26:19.681+00,2026-09-20 00:26:24.660342+00,2026-09-20 00:27:29.755605+00,2026-09-20 00:27:29.762756+00,
21,F2,A,2026-09-20 00:27:14.679+00,2026-09-20 00:27:19.663993+00,2026-09-20 00:28:19.717913+00,2026-09-20 00:28:19.723979+00,
21,F2,A,2026-09-20 00:27:29.664+00,2026-09-20 00:27:34.663941+00,2026-09-20 00:28:39.717332+00,2026-09-20 00:28:39.722679+00,
21,F2,A,2026-09-20 00:28:49.672+00,2026-09-20 00:28:54.668789+00,2026-09-20 00:29:59.779204+00,2026-09-20 00:29:59.785991+00,
21,F2,A,2026-09-20 00:30:09.677+00,2026-09-20 00:30:14.668362+00,2026-09-20 00:31:19.759207+00,2026-09-20 00:31:19.764515+00,
21,F2,A,2026-09-20 00:33:34.68+00,2026-09-20 00:33:39.665205+00,2026-09-20 00:34:44.745851+00,2026-09-20 00:34:44.752057+00,
21,F2,A,2026-09-20 00:33:49.669+00,2026-09-20 00:33:54.666018+00,2026-09-20 00:34:59.726226+00,2026-09-20 00:34:59.731345+00,
21,F2,A,2026-09-20 00:35:14.663+00,2026-09-20 00:35:19.673284+00,2026-09-20 00:36:24.751111+00,2026-09-20 00:36:24.755875+00,
21,F2,A,2026-09-20 00:37:04.678+00,2026-09-20 00:37:09.669069+00,2026-09-20 00:38:14.709146+00,2026-09-20 00:38:14.714556+00,
21,F2,A,2026-09-20 00:37:49.668+00,2026-09-20 00:37:49.682118+00,2026-09-20 00:38:09.751372+00,2026-09-20 00:38:09.757022+00,
21,F2,A,2026-09-20 00:38:24.671+00,2026-09-20 00:38:29.659823+00,2026-09-20 00:39:29.770049+00,2026-09-20 00:39:29.777464+00,
21,F2,A,2026-09-20 00:40:14.659+00,2026-09-20 00:40:14.671038+00,2026-09-20 00:41:19.74575+00,2026-09-20 00:41:19.751652+00,
21,F2,A,2026-09-20 00:40:39.678+00,2026-09-20 00:40:44.672752+00,2026-09-20 00:41:49.716767+00,2026-09-20 00:41:49.722332+00,
21,F2,A,2026-09-20 00:41:29.666+00,2026-09-20 00:41:34.675157+00,2026-09-20 00:42:39.722543+00,2026-09-20 00:42:39.728691+00,
21,F2,A,2026-09-20 00:41:49.677+00,2026-09-20 00:41:54.66846+00,2026-09-20 00:42:59.728367+00,2026-09-20 00:42:59.733187+00,
21,F2,A,2026-09-20 00:42:54.68+00,2026-09-20 00:42:59.673473+00,2026-09-20 00:43:59.717535+00,2026-09-20 00:43:59.735855+00,
22,F1,A,2026-09-20 00:46:19.678+00,2026-09-20 00:46:24.665732+00,2026-09-20 00:47:24.719465+00,2026-09-20 00:47:24.724309+00,
22,F1,A,2026-09-20 00:51:29.667+00,2026-09-20 00:51:34.6677+00,2026-09-20 00:51:49.748967+00,2026-09-20 00:51:49.755807+00,
22,F1,A,2026-09-20 00:52:04.658+00,2026-09-20 00:52:04.670072+00,2026-09-20 00:52:59.70968+00,2026-09-20 00:52:59.714674+00,
22,F1,A,2026-09-20 00:52:44.671+00,2026-09-20 00:52:49.679764+00,2026-09-20 00:53:24.711856+00,2026-09-20 00:53:24.719281+00,
22,F1,A,2026-09-20 00:52:59.665+00,2026-09-20 00:53:04.665972+00,2026-09-20 00:54:09.722988+00,2026-09-20 00:54:09.72777+00,
22,F1,A,2026-09-20 00:54:24.677+00,2026-09-20 00:54:29.671442+00,2026-09-20 00:55:34.754292+00,2026-09-20 00:55:34.759345+00,
22,F1,A,2026-09-20 00:54:34.695+00,2026-09-20 00:54:39.675407+00,2026-09-20 00:55:44.708149+00,2026-09-20 00:55:44.713013+00,
22,F1,A,2026-09-20 00:57:14.676+00,2026-09-20 00:57:19.660191+00,2026-09-20 00:57:19.750679+00,2026-09-20 00:57:19.756838+00,
22,F1,A,2026-09-20 00:57:19.677+00,2026-09-20 00:57:24.667969+00,2026-09-20 00:58:29.719468+00,2026-09-20 00:58:29.724727+00,
22,F1,A,2026-09-20 00:58:29.671+00,2026-09-20 00:58:34.671284+00,2026-09-20 00:59:34.726849+00,2026-09-20 00:59:34.733858+00,
22,F1,A,2026-09-20 00:59:19.663+00,2026-09-20 00:59:19.669064+00,2026-09-20 01:00:24.725163+00,2026-09-20 01:00:24.73112+00,
22,F1,A,2026-09-20 01:03:04.676+00,2026-09-20 01:03:09.665691+00,2026-09-20 01:03:24.761906+00,2026-09-20 01:03:24.768774+00,
22,F1,A,2026-09-20 01:03:24.683+00,2026-09-20 01:03:29.674985+00,2026-09-20 01:04:29.730718+00,2026-09-20 01:04:29.735911+00,
22,F1,A,2026-09-20 01:05:29.68+00,2026-09-20 01:05:34.659859+00,2026-09-20 01:06:19.757023+00,2026-09-20 01:06:19.762493+00,
22,F1,A,2026-09-20 01:10:59.663+00,2026-09-20 01:11:04.660342+00,2026-09-20 01:12:04.785011+00,2026-09-20 01:12:04.793428+00,
23,F1,C,2026-09-20 01:18:34.665+00,2026-09-20 01:18:39.668086+00,2026-09-20 01:19:24.755783+00,2026-09-20 01:19:24.761398+00,2026-09-20 01:19:24.767775+00
23,F1,C,2026-09-20 01:19:09.685+00,2026-09-20 01:19:14.668571+00,2026-09-20 01:19:49.719305+00,2026-09-20 01:19:49.72373+00,2026-09-20 01:19:49.729241+00
23,F1,C,2026-09-20 01:19:24.671+00,2026-09-20 01:19:29.664588+00,2026-09-20 01:20:34.722335+00,2026-09-20 01:20:34.727499+00,2026-09-20 01:20:34.731823+00
23,F1,C,2026-09-20 01:22:29.673+00,2026-09-20 01:22:34.666729+00,2026-09-20 01:23:39.761758+00,2026-09-20 01:23:39.767486+00,2026-09-20 01:23:39.772826+00
23,F1,C,2026-09-20 01:25:49.664+00,2026-09-20 01:25:54.671262+00,2026-09-20 01:26:59.759311+00,2026-09-20 01:26:59.826747+00,2026-09-20 01:26:59.882792+00
23,F1,C,2026-09-20 01:27:09.68+00,2026-09-20 01:27:14.660798+00,2026-09-20 01:28:14.758319+00,2026-09-20 01:28:14.768419+00,2026-09-20 01:28:14.772992+00
23,F1,C,2026-09-20 01:30:44.677+00,2026-09-20 01:30:49.665655+00,2026-09-20 01:31:49.826377+00,2026-09-20 01:31:49.833671+00,2026-09-20 01:31:49.838303+00
23,F1,C,2026-09-20 01:32:04.672+00,2026-09-20 01:32:09.665671+00,2026-09-20 01:33:14.8316+00,2026-09-20 01:33:14.83586+00,2026-09-20 01:33:14.840281+00
23,F1,C,2026-09-20 01:32:04.676+00,2026-09-20 01:32:09.679079+00,2026-09-20 01:33:14.737025+00,2026-09-20 01:33:14.744828+00,2026-09-20 01:33:14.750999+00
23,F1,C,2026-09-20 01:35:04.669+00,2026-09-20 01:35:09.669668+00,2026-09-20 01:36:14.745166+00,2026-09-20 01:36:14.750792+00,2026-09-20 01:36:14.75546+00
23,F1,C,2026-09-20 01:36:24.676+00,2026-09-20 01:36:29.666301+00,2026-09-20 01:37:29.822172+00,2026-09-20 01:37:29.840371+00,2026-09-20 01:37:29.847169+00
23,F1,C,2026-09-20 01:37:44.669+00,2026-09-20 01:37:49.667338+00,2026-09-20 01:38:54.750773+00,2026-09-20 01:39:04.112971+00,2026-09-20 01:39:04.117644+00
24,F1,B,2026-09-20 01:40:09.66+00,2026-09-20 01:40:14.665775+00,2026-09-20 01:41:14.713876+00,2026-09-20 01:41:20.474266+00,2026-09-20 01:41:20.479624+00
24,F1,B,2026-09-20 01:42:19.666+00,2026-09-20 01:42:24.661678+00,2026-09-20 01:43:24.754768+00,2026-09-20 01:43:31.462064+00,2026-09-20 01:43:31.468713+00
24,F1,B,2026-09-20 01:44:04.679+00,2026-09-20 01:44:09.677178+00,2026-09-20 01:45:14.720867+00,2026-09-20 01:45:21.282803+00,2026-09-20 01:45:21.290413+00
24,F1,B,2026-09-20 01:46:14.663+00,2026-09-20 01:46:14.674888+00,2026-09-20 01:47:19.788171+00,2026-09-20 01:47:26.696269+00,2026-09-20 01:47:26.93747+00
24,F1,B,2026-09-20 01:47:44.681+00,2026-09-20 01:47:49.67209+00,2026-09-20 01:48:54.765893+00,2026-09-20 01:49:01.926165+00,2026-09-20 01:49:01.934944+00
24,F1,B,2026-09-20 01:48:39.71+00,2026-09-20 01:48:44.670339+00,2026-09-20 01:48:59.716653+00,2026-09-20 01:49:08.128891+00,2026-09-20 01:49:08.135092+00
24,F1,B,2026-09-20 01:51:39.667+00,2026-09-20 01:51:44.664489+00,2026-09-20 01:52:44.768356+00,2026-09-20 01:52:51.552825+00,2026-09-20 01:52:51.573034+00
24,F1,B,2026-09-20 01:51:44.681+00,2026-09-20 01:51:49.664106+00,2026-09-20 01:52:04.76028+00,2026-09-20 01:52:16.498293+00,2026-09-20 01:52:16.50506+00
24,F1,B,2026-09-20 01:52:09.691+00,2026-09-20 01:52:14.678926+00,2026-09-20 01:53:19.766157+00,2026-09-20 01:53:27.010968+00,2026-09-20 01:53:27.017986+00
24,F1,B,2026-09-20 01:54:24.676+00,2026-09-20 01:54:29.674532+00,2026-09-20 01:55:34.740187+00,2026-09-20 01:55:43.203507+00,2026-09-20 01:55:43.210045+00
24,F1,B,2026-09-20 01:58:54.685+00,2026-09-20 01:58:59.681816+00,2026-09-20 02:00:04.791768+00,2026-09-20 02:00:17.656808+00,2026-09-20 02:00:17.664871+00
24,F1,B,2026-09-20 01:58:59.658+00,2026-09-20 01:58:59.686411+00,2026-09-20 02:00:04.880303+00,2026-09-20 02:00:21.558586+00,2026-09-20 02:00:21.564307+00
24,F1,B,2026-09-20 01:58:59.674+00,2026-09-20 01:59:04.658658+00,2026-09-20 02:00:04.740113+00,2026-09-20 02:00:11.951777+00,2026-09-20 02:00:11.958225+00
24,F1,B,2026-09-20 02:03:39.672+00,2026-09-20 02:03:44.669831+00,2026-09-20 02:04:49.754978+00,2026-09-20 02:04:49.762592+00,2026-09-20 02:04:49.7692+00
25,F1,C,2026-09-20 02:04:39.69+00,2026-09-20 02:04:44.660858+00,2026-09-20 02:05:49.711457+00,2026-09-20 02:05:49.718145+00,2026-09-20 02:05:49.726223+00
25,F1,C,2026-09-20 02:08:39.671+00,2026-09-20 02:08:44.668759+00,2026-09-20 02:09:49.747078+00,2026-09-20 02:09:49.754083+00,2026-09-20 02:09:49.758654+00
25,F1,C,2026-09-20 02:10:04.671+00,2026-09-20 02:10:09.660077+00,2026-09-20 02:10:49.756051+00,2026-09-20 02:10:49.76291+00,2026-09-20 02:10:49.768672+00
25,F1,C,2026-09-20 02:10:44.67+00,2026-09-20 02:10:49.659089+00,2026-09-20 02:11:49.707927+00,2026-09-20 02:11:49.712997+00,2026-09-20 02:11:49.716954+00
25,F1,C,2026-09-20 02:12:04.672+00,2026-09-20 02:12:09.670953+00,2026-09-20 02:13:09.773419+00,2026-09-20 02:13:09.778128+00,2026-09-20 02:13:09.782759+00
25,F1,C,2026-09-20 02:13:04.679+00,2026-09-20 02:13:09.673267+00,2026-09-20 02:13:54.756434+00,2026-09-20 02:13:54.774893+00,2026-09-20 02:13:54.781179+00
25,F1,C,2026-09-20 02:13:24.705+00,2026-09-20 02:13:29.673486+00,2026-09-20 02:14:34.731682+00,2026-09-20 02:14:34.738131+00,2026-09-20 02:14:34.742099+00
25,F1,C,2026-09-20 02:15:34.67+00,2026-09-20 02:15:39.672107+00,2026-09-20 02:15:39.761569+00,2026-09-20 02:15:39.767353+00,2026-09-20 02:15:39.772076+00
25,F1,C,2026-09-20 02:15:39.671+00,2026-09-20 02:15:44.661684+00,2026-09-20 02:16:49.759377+00,2026-09-20 02:16:49.764459+00,2026-09-20 02:16:49.769003+00
25,F1,C,2026-09-20 02:17:24.684+00,2026-09-20 02:17:29.672037+00,2026-09-20 02:18:34.76437+00,2026-09-20 02:18:34.769723+00,2026-09-20 02:18:34.773994+00
25,F1,C,2026-09-20 02:17:54.671+00,2026-09-20 02:17:59.664814+00,2026-09-20 02:19:04.708855+00,2026-09-20 02:19:04.72694+00,2026-09-20 02:19:04.733373+00
25,F1,C,2026-09-20 02:18:14.684+00,2026-09-20 02:18:19.663543+00,2026-09-20 02:19:24.759336+00,2026-09-20 02:19:24.765962+00,2026-09-20 02:19:24.77112+00
25,F1,C,2026-09-20 02:21:09.675+00,2026-09-20 02:21:14.668887+00,2026-09-20 02:22:14.80094+00,2026-09-20 02:22:14.806741+00,2026-09-20 02:22:14.811307+00
25,F1,C,2026-09-20 02:22:49.677+00,2026-09-20 02:22:54.661647+00,2026-09-20 02:23:49.823901+00,2026-09-20 02:23:49.830229+00,2026-09-20 02:23:49.835372+00
25,F1,C,2026-09-20 02:23:49.69+00,2026-09-20 02:23:54.659086+00,2026-09-20 02:24:59.709965+00,2026-09-20 02:24:59.717166+00,2026-09-20 02:24:59.722311+00
25,F1,C,2026-09-20 02:25:54.669+00,2026-09-20 02:25:59.670356+00,2026-09-20 02:27:04.750291+00,2026-09-20 02:27:04.757666+00,2026-09-20 02:27:04.762239+00
25,F1,C,2026-09-20 02:27:29.668+00,2026-09-20 02:27:34.661+00,2026-09-20 02:28:24.769879+00,2026-09-20 02:28:24.775208+00,2026-09-20 02:28:24.780235+00
26,F1,B,2026-09-20 02:34:24.674+00,2026-09-20 02:34:29.675003+00,2026-09-20 02:35:34.749713+00,2026-09-20 02:35:41.886845+00,2026-09-20 02:35:41.892125+00
26,F1,B,2026-09-20 02:35:09.662+00,2026-09-20 02:35:14.667059+00,2026-09-20 02:36:14.730124+00,2026-09-20 02:36:20.93157+00,2026-09-20 02:36:20.937472+00
26,F1,B,2026-09-20 02:36:54.691+00,2026-09-20 02:36:59.679344+00,2026-09-20 02:38:04.70428+00,2026-09-20 02:38:11.184031+00,2026-09-20 02:38:11.620299+00
26,F1,B,2026-09-20 02:38:19.67+00,2026-09-20 02:38:19.674522+00,2026-09-20 02:39:24.744121+00,2026-09-20 02:39:31.947989+00,2026-09-20 02:39:31.954135+00
26,F1,B,2026-09-20 02:39:29.691+00,2026-09-20 02:39:34.674509+00,2026-09-20 02:40:39.722046+00,2026-09-20 02:40:46.917649+00,2026-09-20 02:40:46.924756+00
26,F1,B,2026-09-20 02:40:14.669+00,2026-09-20 02:40:19.670945+00,2026-09-20 02:41:24.763938+00,2026-09-20 02:41:31.778806+00,2026-09-20 02:41:31.783819+00
26,F1,B,2026-09-20 02:41:54.68+00,2026-09-20 02:41:59.659568+00,2026-09-20 02:42:54.748134+00,2026-09-20 02:43:02.978442+00,2026-09-20 02:43:02.983781+00
26,F1,B,2026-09-20 02:42:59.669+00,2026-09-20 02:43:04.671865+00,2026-09-20 02:44:09.742249+00,2026-09-20 02:44:14.167601+00,2026-09-20 02:44:14.1736+00
26,F1,B,2026-09-20 02:44:34.668+00,2026-09-20 02:44:39.663281+00,2026-09-20 02:45:39.805595+00,2026-09-20 02:45:57.570766+00,2026-09-20 02:45:57.577327+00
26,F1,B,2026-09-20 02:44:59.684+00,2026-09-20 02:45:04.666587+00,2026-09-20 02:46:04.760572+00,2026-09-20 02:46:09.102527+00,2026-09-20 02:46:09.108743+00
26,F1,B,2026-09-20 02:46:14.691+00,2026-09-20 02:46:19.670645+00,2026-09-20 02:47:24.772971+00,2026-09-20 02:47:31.028319+00,2026-09-20 02:47:31.034377+00
26,F1,B,2026-09-20 02:46:54.682+00,2026-09-20 02:46:59.660959+00,2026-09-20 02:47:59.726814+00,2026-09-20 02:48:05.101615+00,2026-09-20 02:48:05.108386+00
26,F1,B,2026-09-20 02:50:34.686+00,2026-09-20 02:50:39.669025+00,2026-09-20 02:51:44.725373+00,2026-09-20 02:51:51.723404+00,2026-09-20 02:51:51.732524+00
26,F1,B,2026-09-20 02:57:19.683+00,2026-09-20 02:57:24.667077+00,2026-09-20 02:57:29.780816+00,2026-09-20 02:57:29.789649+00,
27,F1,A,2026-09-20 02:57:29.687+00,2026-09-20 02:57:34.664504+00,2026-09-20 02:58:39.717124+00,2026-09-20 02:58:39.722642+00,
27,F1,A,2026-09-20 02:59:04.68+00,2026-09-20 02:59:09.66341+00,2026-09-20 03:00:09.772012+00,2026-09-20 03:00:09.777948+00,
27,F1,A,2026-09-20 03:00:59.668+00,2026-09-20 03:00:59.674741+00,2026-09-20 03:02:04.755982+00,2026-09-20 03:02:04.764464+00,
27,F1,A,2026-09-20 03:02:39.671+00,2026-09-20 03:02:44.665967+00,2026-09-20 03:02:59.751565+00,2026-09-20 03:02:59.761497+00,
27,F1,A,2026-09-20 03:03:34.662+00,2026-09-20 03:03:39.667288+00,2026-09-20 03:04:09.773601+00,2026-09-20 03:04:09.781725+00,
27,F1,A,2026-09-20 03:04:24.677+00,2026-09-20 03:04:29.673451+00,2026-09-20 03:05:34.775054+00,2026-09-20 03:05:34.780989+00,
27,F1,A,2026-09-20 03:04:44.68+00,2026-09-20 03:04:49.667011+00,2026-09-20 03:05:54.717642+00,2026-09-20 03:05:54.723707+00,
27,F1,A,2026-09-20 03:05:59.681+00,2026-09-20 03:06:04.672768+00,2026-09-20 03:06:59.730673+00,2026-09-20 03:06:59.736118+00,
27,F1,A,2026-09-20 03:06:19.695+00,2026-09-20 03:06:25.561455+00,2026-09-20 03:07:09.730198+00,2026-09-20 03:07:09.738296+00,
27,F1,A,2026-09-20 03:06:54.681+00,2026-09-20 03:06:59.671743+00,2026-09-20 03:07:44.731256+00,2026-09-20 03:07:44.737361+00,
27,F1,A,2026-09-20 03:07:04.682+00,2026-09-20 03:07:09.668352+00,2026-09-20 03:08:14.720491+00,2026-09-20 03:08:14.728056+00,
27,F1,A,2026-09-20 03:09:09.682+00,2026-09-20 03:09:14.662375+00,2026-09-20 03:10:19.74568+00,2026-09-20 03:10:19.750809+00,
27,F1,A,2026-09-20 03:10:39.671+00,2026-09-20 03:10:44.667583+00,2026-09-20 03:11:49.74212+00,2026-09-20 03:11:49.748174+00,
27,F1,A,2026-09-20 03:11:29.677+00,2026-09-20 03:11:34.662014+00,2026-09-20 03:12:34.722949+00,2026-09-20 03:12:34.738826+00,
27,F1,A,2026-09-20 03:13:44.685+00,2026-09-20 03:13:49.662688+00,2026-09-20 03:14:54.747117+00,2026-09-20 03:14:54.753069+00,
27,F1,A,2026-09-20 03:16:19.672+00,2026-09-20 03:16:24.6688+00,2026-09-20 03:16:39.746052+00,2026-09-20 03:16:39.751556+00,
27,F1,A,2026-09-20 03:19:59.675+00,2026-09-20 03:20:04.66985+00,2026-09-20 03:21:09.743486+00,2026-09-20 03:21:09.750272+00,
28,F2,C,2026-09-20 03:23:24.685+00,2026-09-20 03:23:29.681174+00,2026-09-20 03:24:34.706719+00,2026-09-20 03:24:34.712008+00,2026-09-20 03:24:34.716574+00
28,F2,C,2026-09-20 03:27:24.678+00,2026-09-20 03:27:29.658785+00,2026-09-20 03:28:29.753785+00,2026-09-20 03:28:29.760006+00,2026-09-20 03:28:29.76509+00
28,F2,C,2026-09-20 03:30:44.672+00,2026-09-20 03:30:49.666559+00,2026-09-20 03:31:49.761209+00,2026-09-20 03:31:49.768127+00,2026-09-20 03:31:49.773058+00
28,F2,C,2026-09-20 03:31:19.669+00,2026-09-20 03:31:19.672833+00,2026-09-20 03:32:24.721567+00,2026-09-20 03:32:24.727375+00,2026-09-20 03:32:24.731674+00
28,F2,C,2026-09-20 03:31:49.674+00,2026-09-20 03:31:54.663086+00,2026-09-20 03:32:59.72514+00,2026-09-20 03:32:59.731334+00,2026-09-20 03:32:59.736469+00
28,F2,C,2026-09-20 03:32:59.67+00,2026-09-20 03:33:04.673235+00,2026-09-20 03:34:09.759401+00,2026-09-20 03:34:09.764433+00,2026-09-20 03:34:09.768661+00
28,F2,C,2026-09-20 03:36:54.682+00,2026-09-20 03:36:59.660837+00,2026-09-20 03:38:04.762629+00,2026-09-20 03:38:04.769086+00,2026-09-20 03:38:04.774744+00
28,F2,C,2026-09-20 03:37:59.668+00,2026-09-20 03:38:04.673394+00,2026-09-20 03:39:09.71451+00,2026-09-20 03:39:09.719964+00,2026-09-20 03:39:09.724334+00
28,F2,C,2026-09-20 03:39:49.668+00,2026-09-20 03:39:54.659112+00,2026-09-20 03:40:54.714894+00,2026-09-20 03:40:54.720445+00,2026-09-20 03:40:54.724645+00
28,F2,C,2026-09-20 03:39:59.675+00,2026-09-20 03:40:04.664251+00,2026-09-20 03:40:09.733395+00,2026-09-20 03:40:09.738832+00,2026-09-20 03:40:09.7437+00
28,F2,C,2026-09-20 03:40:14.667+00,2026-09-20 03:40:19.665227+00,2026-09-20 03:41:24.779051+00,2026-09-20 03:41:24.78441+00,2026-09-20 03:41:24.788886+00
28,F2,C,2026-09-20 03:40:54.673+00,2026-09-20 03:40:59.669039+00,2026-09-20 03:41:59.718566+00,2026-09-20 03:41:59.723603+00,2026-09-20 03:41:59.728145+00
28,F2,C,2026-09-20 03:41:14.68+00,2026-09-20 03:41:19.665394+00,2026-09-20 03:42:19.729985+00,2026-09-20 03:42:19.749097+00,2026-09-20 03:42:19.756202+00
28,F2,C,2026-09-20 03:42:39.665+00,2026-09-20 03:42:39.673976+00,2026-09-20 03:43:44.755886+00,2026-09-20 03:43:44.764468+00,2026-09-20 03:43:44.768798+00
28,F2,C,2026-09-20 03:42:54.669+00,2026-09-20 03:42:59.668562+00,2026-09-20 03:44:04.758393+00,2026-09-20 03:44:04.763794+00,2026-09-20 03:44:04.768908+00
28,F2,C,2026-09-20 03:45:09.685+00,2026-09-20 03:45:14.663674+00,2026-09-20 03:46:19.751869+00,2026-09-20 03:46:19.757083+00,2026-09-20 03:46:19.761149+00
28,F2,C,2026-09-20 03:47:09.665+00,2026-09-20 03:47:09.6728+00,2026-09-20 03:47:24.769625+00,2026-09-20 03:47:24.78812+00,2026-09-20 03:47:24.793865+00
28,F2,C,2026-09-20 03:47:24.673+00,2026-09-20 03:47:29.664384+00,2026-09-20 03:48:34.71147+00,2026-09-20 03:48:34.717347+00,2026-09-20 03:48:34.722404+00
29,F2,A,2026-09-20 03:53:44.665+00,2026-09-20 03:53:49.665016+00,2026-09-20 03:54:54.760123+00,2026-09-20 03:54:54.767123+00,
29,F2,A,2026-09-20 03:53:44.677+00,2026-09-20 03:53:49.679295+00,2026-09-20 03:54:54.805555+00,2026-09-20 03:54:54.809856+00,
29,F2,A,2026-09-20 03:54:59.68+00,2026-09-20 03:55:04.671301+00,2026-09-20 03:56:09.730306+00,2026-09-20 03:56:09.737286+00,
29,F2,A,2026-09-20 03:55:04.684+00,2026-09-20 03:55:09.676859+00,2026-09-20 03:56:14.716189+00,2026-09-20 03:56:14.723051+00,
29,F2,A,2026-09-20 03:56:19.68+00,2026-09-20 03:56:24.673696+00,2026-09-20 03:57:29.76169+00,2026-09-20 03:57:29.767586+00,
29,F2,A,2026-09-20 03:57:44.677+00,2026-09-20 03:57:49.663746+00,2026-09-20 03:58:49.747881+00,2026-09-20 03:58:49.753394+00,
29,F2,A,2026-09-20 03:58:04.668+00,2026-09-20 03:58:09.672544+00,2026-09-20 03:59:14.719406+00,2026-09-20 03:59:14.730505+00,
29,F2,A,2026-09-20 03:59:24.669+00,2026-09-20 03:59:24.67454+00,2026-09-20 04:00:29.763991+00,2026-09-20 04:00:29.769892+00,
29,F2,A,2026-09-20 04:03:19.681+00,2026-09-20 04:03:24.663579+00,2026-09-20 04:04:24.751538+00,2026-09-20 04:04:24.758588+00,
29,F2,A,2026-09-20 04:03:54.67+00,2026-09-20 04:03:59.662953+00,2026-09-20 04:04:59.713032+00,2026-09-20 04:04:59.71855+00,
29,F2,A,2026-09-20 04:05:54.676+00,2026-09-20 04:05:59.659198+00,2026-09-20 04:06:59.745049+00,2026-09-20 04:06:59.750978+00,
29,F2,A,2026-09-20 04:06:49.67+00,2026-09-20 04:06:54.673679+00,2026-09-20 04:07:59.715579+00,2026-09-20 04:07:59.722282+00,
29,F2,A,2026-09-20 04:08:14.674+00,2026-09-20 04:08:19.665006+00,2026-09-20 04:09:24.722267+00,2026-09-20 04:09:24.730331+00,
29,F2,A,2026-09-20 04:08:29.671+00,2026-09-20 04:08:34.66842+00,2026-09-20 04:08:49.715777+00,2026-09-20 04:08:49.721019+00,
29,F2,A,2026-09-20 04:11:24.673+00,2026-09-20 04:11:29.666035+00,2026-09-20 04:12:29.769687+00,2026-09-20 04:12:29.776053+00,
29,F2,A,2026-09-20 04:11:29.672+00,2026-09-20 04:11:34.672049+00,2026-09-20 04:12:39.715397+00,2026-09-20 04:12:39.720501+00,
29,F2,A,2026-09-20 04:14:49.665+00,2026-09-20 04:14:49.674011+00,2026-09-20 04:15:54.766332+00,2026-09-20 04:16:03.74057+00,2026-09-20 04:16:03.749822+00
30,F2,B,2026-09-20 04:20:04.67+00,2026-09-20 04:20:09.6727+00,2026-09-20 04:21:14.748298+00,2026-09-20 04:21:22.861102+00,2026-09-20 04:21:22.868189+00
30,F2,B,2026-09-20 04:20:09.672+00,2026-09-20 04:20:14.670793+00,2026-09-20 04:21:19.771658+00,2026-09-20 04:21:27.342105+00,2026-09-20 04:21:27.347523+00
30,F2,B,2026-09-20 04:23:14.663+00,2026-09-20 04:23:19.660469+00,2026-09-20 04:24:24.758424+00,2026-09-20 04:24:31.431225+00,2026-09-20 04:24:31.436855+00
30,F2,B,2026-09-20 04:24:29.672+00,2026-09-20 04:24:34.663166+00,2026-09-20 04:25:39.719206+00,2026-09-20 04:25:44.643606+00,2026-09-20 04:25:45.010643+00
30,F2,B,2026-09-20 04:24:49.677+00,2026-09-20 04:24:54.665372+00,2026-09-20 04:25:54.733613+00,2026-09-20 04:25:59.537072+00,2026-09-20 04:25:59.544234+00
30,F2,B,2026-09-20 04:28:54.679+00,2026-09-20 04:28:59.661309+00,2026-09-20 04:30:04.760427+00,2026-09-20 04:30:13.767182+00,2026-09-20 04:30:13.772851+00
30,F2,B,2026-09-20 04:30:49.667+00,2026-09-20 04:30:54.669407+00,2026-09-20 04:31:59.788021+00,2026-09-20 04:32:07.911397+00,2026-09-20 04:32:07.918588+00
30,F2,B,2026-09-20 04:31:59.677+00,2026-09-20 04:32:04.668732+00,2026-09-20 04:33:09.75589+00,2026-09-20 04:33:15.313121+00,2026-09-20 04:33:15.318521+00
30,F2,B,2026-09-20 04:33:24.673+00,2026-09-20 04:33:29.667609+00,2026-09-20 04:34:34.798185+00,2026-09-20 04:34:43.260242+00,2026-09-20 04:34:43.266844+00
30,F2,B,2026-09-20 04:35:39.668+00,2026-09-20 04:35:44.661274+00,2026-09-20 04:36:44.870835+00,2026-09-20 04:36:59.443083+00,2026-09-20 04:36:59.450193+00
30,F2,B,2026-09-20 04:35:39.672+00,2026-09-20 04:35:44.676588+00,2026-09-20 04:36:44.767201+00,2026-09-20 04:36:52.300106+00,2026-09-20 04:36:52.309265+00
30,F2,B,2026-09-20 04:36:44.674+00,2026-09-20 04:36:49.670633+00,2026-09-20 04:37:54.716852+00,2026-09-20 04:37:58.448164+00,2026-09-20 04:37:58.454767+00
30,F2,B,2026-09-20 04:38:34.681+00,2026-09-20 04:38:39.658898+00,2026-09-20 04:39:44.748733+00,2026-09-20 04:39:50.024823+00,2026-09-20 04:39:50.031123+00
31,F3,A,2026-09-20 04:41:24.673+00,2026-09-20 04:41:29.673807+00,2026-09-20 04:42:34.71932+00,2026-09-20 04:42:34.7265+00,
31,F3,A,2026-09-20 04:44:19.68+00,2026-09-20 04:44:24.670438+00,2026-09-20 04:45:29.746537+00,2026-09-20 04:45:29.753178+00,
31,F3,A,2026-09-20 04:45:29.675+00,2026-09-20 04:45:34.662999+00,2026-09-20 04:46:34.720492+00,2026-09-20 04:46:34.726914+00,
31,F3,A,2026-09-20 04:45:54.673+00,2026-09-20 04:45:59.66391+00,2026-09-20 04:47:04.711046+00,2026-09-20 04:47:04.716581+00,
31,F3,A,2026-09-20 04:46:29.68+00,2026-09-20 04:46:34.673471+00,2026-09-20 04:47:39.727532+00,2026-09-20 04:47:39.735111+00,
31,F3,A,2026-09-20 04:48:24.671+00,2026-09-20 04:48:29.664461+00,2026-09-20 04:49:34.77396+00,2026-09-20 04:49:34.780323+00,
31,F3,A,2026-09-20 04:48:49.677+00,2026-09-20 04:48:54.662145+00,2026-09-20 04:49:54.724744+00,2026-09-20 04:49:54.73016+00,
31,F3,A,2026-09-20 04:50:29.673+00,2026-09-20 04:50:34.662306+00,2026-09-20 04:51:34.758436+00,2026-09-20 04:51:34.76815+00,
31,F3,A,2026-09-20 04:51:09.667+00,2026-09-20 04:51:14.662492+00,2026-09-20 04:52:19.717157+00,2026-09-20 04:52:19.723358+00,
31,F3,A,2026-09-20 04:54:24.674+00,2026-09-20 04:54:29.667126+00,2026-09-20 04:55:34.740334+00,2026-09-20 04:55:34.746196+00,
31,F3,A,2026-09-20 04:56:04.671+00,2026-09-20 04:56:09.666208+00,2026-09-20 04:57:09.762781+00,2026-09-20 04:57:09.771026+00,
31,F3,A,2026-09-20 04:58:19.671+00,2026-09-20 04:58:24.668802+00,2026-09-20 04:59:29.747464+00,2026-09-20 04:59:29.754679+00,
31,F3,A,2026-09-20 05:00:24.671+00,2026-09-20 05:00:29.669474+00,2026-09-20 05:01:29.766338+00,2026-09-20 05:01:29.774192+00,
31,F3,A,2026-09-20 05:00:29.677+00,2026-09-20 05:00:34.677761+00,2026-09-20 05:01:39.724746+00,2026-09-20 05:01:39.730215+00,
31,F3,A,2026-09-20 05:01:39.668+00,2026-09-20 05:01:44.670054+00,2026-09-20 05:02:49.777188+00,2026-09-20 05:02:49.78479+00,
31,F3,A,2026-09-20 05:02:59.675+00,2026-09-20 05:03:04.661009+00,2026-09-20 05:04:04.750828+00,2026-09-20 05:04:04.756232+00,
31,F3,A,2026-09-20 05:03:49.676+00,2026-09-20 05:03:54.661527+00,2026-09-20 05:04:54.722934+00,2026-09-20 05:04:54.728761+00,
31,F3,A,2026-09-20 05:04:49.664+00,2026-09-20 05:04:49.673133+00,2026-09-20 05:05:54.71521+00,2026-09-20 05:05:54.720722+00,
32,F3,B,2026-09-20 05:08:09.682+00,2026-09-20 05:08:14.662391+00,2026-09-20 05:09:14.727553+00,2026-09-20 05:09:18.272557+00,2026-09-20 05:09:18.596891+00
32,F3,B,2026-09-20 05:10:29.673+00,2026-09-20 05:10:34.668938+00,2026-09-20 05:11:39.751179+00,2026-09-20 05:11:46.351282+00,2026-09-20 05:11:46.357261+00
32,F3,B,2026-09-20 05:11:39.669+00,2026-09-20 05:11:44.664797+00,2026-09-20 05:12:49.723318+00,2026-09-20 05:12:55.659141+00,2026-09-20 05:12:55.664639+00
32,F3,B,2026-09-20 05:13:24.692+00,2026-09-20 05:13:29.660219+00,2026-09-20 05:14:19.747365+00,2026-09-20 05:14:29.273892+00,2026-09-20 05:14:29.278409+00
32,F3,B,2026-09-20 05:14:39.674+00,2026-09-20 05:14:44.665138+00,2026-09-20 05:15:44.815911+00,2026-09-20 05:15:50.153341+00,2026-09-20 05:15:50.159094+00
32,F3,B,2026-09-20 05:14:49.674+00,2026-09-20 05:14:54.672627+00,2026-09-20 05:15:54.771048+00,2026-09-20 05:16:00.36183+00,2026-09-20 05:16:00.366685+00
32,F3,B,2026-09-20 05:15:19.69+00,2026-09-20 05:15:24.680456+00,2026-09-20 05:16:29.735758+00,2026-09-20 05:16:34.125052+00,2026-09-20 05:16:34.130131+00
32,F3,B,2026-09-20 05:15:54.658+00,2026-09-20 05:15:54.672939+00,2026-09-20 05:16:59.782506+00,2026-09-20 05:17:05.664041+00,2026-09-20 05:17:05.673288+00
32,F3,B,2026-09-20 05:16:59.666+00,2026-09-20 05:17:04.674249+00,2026-09-20 05:18:09.761914+00,2026-09-20 05:18:17.505855+00,2026-09-20 05:18:17.511718+00
32,F3,B,2026-09-20 05:18:54.668+00,2026-09-20 05:18:59.669536+00,2026-09-20 05:20:04.757718+00,2026-09-20 05:20:11.807591+00,2026-09-20 05:20:11.837+00
32,F3,B,2026-09-20 05:20:24.671+00,2026-09-20 05:20:29.665633+00,2026-09-20 05:21:29.767811+00,2026-09-20 05:21:36.957828+00,2026-09-20 05:21:36.965112+00
32,F3,B,2026-09-20 05:20:34.675+00,2026-09-20 05:20:39.662363+00,2026-09-20 05:21:44.715128+00,2026-09-20 05:21:50.203329+00,2026-09-20 05:21:50.20928+00
32,F3,B,2026-09-20 05:23:34.666+00,2026-09-20 05:23:39.665529+00,2026-09-20 05:24:44.795007+00,2026-09-20 05:24:53.217491+00,2026-09-20 05:24:53.225053+00
32,F3,B,2026-09-20 05:25:54.673+00,2026-09-20 05:25:59.669337+00,2026-09-20 05:27:04.769809+00,2026-09-20 05:27:21.80117+00,2026-09-20 05:27:21.808769+00
32,F3,B,2026-09-20 05:26:59.669+00,2026-09-20 05:27:04.676201+00,2026-09-20 05:28:09.761485+00,2026-09-20 05:28:14.628038+00,2026-09-20 05:28:15.199062+00
32,F3,B,2026-09-20 05:31:59.67+00,2026-09-20 05:32:04.670808+00,2026-09-20 05:33:09.765751+00,2026-09-20 05:33:16.77251+00,2026-09-20 05:33:16.778965+00
32,F3,B,2026-09-20 05:32:29.663+00,2026-09-20 05:32:34.672826+00,2026-09-20 05:33:39.723749+00,2026-09-20 05:33:39.732198+00,2026-09-20 05:33:39.737421+00
32,F3,B,2026-09-20 05:32:54.695+00,2026-09-20 05:32:59.661446+00,2026-09-20 05:34:04.713099+00,2026-09-20 05:34:04.722736+00,2026-09-20 05:34:04.728884+00
33,F3,C,2026-09-20 05:37:04.682+00,2026-09-20 05:37:09.668914+00,2026-09-20 05:37:24.752773+00,2026-09-20 05:37:24.758609+00,2026-09-20 05:37:24.762854+00
33,F3,C,2026-09-20 05:38:19.663+00,2026-09-20 05:38:24.668894+00,2026-09-20 05:39:29.749073+00,2026-09-20 05:39:29.757247+00,2026-09-20 05:39:29.763158+00
33,F3,C,2026-09-20 05:39:54.673+00,2026-09-20 05:39:59.665434+00,2026-09-20 05:41:04.750571+00,2026-09-20 05:41:04.757354+00,2026-09-20 05:41:04.761878+00
33,F3,C,2026-09-20 05:42:09.673+00,2026-09-20 05:42:14.668322+00,2026-09-20 05:43:14.756982+00,2026-09-20 05:43:14.762292+00,2026-09-20 05:43:14.766357+00
33,F3,C,2026-09-20 05:42:54.672+00,2026-09-20 05:42:59.662721+00,2026-09-20 05:44:04.713712+00,2026-09-20 05:44:04.719718+00,2026-09-20 05:44:04.724971+00
33,F3,C,2026-09-20 05:44:19.668+00,2026-09-20 05:44:24.67242+00,2026-09-20 05:45:29.749642+00,2026-09-20 05:45:29.756176+00,2026-09-20 05:45:29.762434+00
33,F3,C,2026-09-20 05:44:19.673+00,2026-09-20 05:44:24.687125+00,2026-09-20 05:45:29.845743+00,2026-09-20 05:45:29.851406+00,2026-09-20 05:45:29.855702+00
33,F3,C,2026-09-20 05:46:34.66+00,2026-09-20 05:46:39.670441+00,2026-09-20 05:47:44.7408+00,2026-09-20 05:47:44.747132+00,2026-09-20 05:47:44.751171+00
33,F3,C,2026-09-20 05:47:09.666+00,2026-09-20 05:47:09.673726+00,2026-09-20 05:48:14.713624+00,2026-09-20 05:48:14.719581+00,2026-09-20 05:48:14.723909+00
33,F3,C,2026-09-20 05:48:04.664+00,2026-09-20 05:48:09.663893+00,2026-09-20 05:49:09.717124+00,2026-09-20 05:49:09.722636+00,2026-09-20 05:49:09.727375+00
33,F3,C,2026-09-20 05:49:54.665+00,2026-09-20 05:49:59.66323+00,2026-09-20 05:51:04.754604+00,2026-09-20 05:51:04.762583+00,2026-09-20 05:51:04.767721+00
33,F3,C,2026-09-20 05:50:54.678+00,2026-09-20 05:50:59.66853+00,2026-09-20 05:51:59.760498+00,2026-09-20 05:51:59.768612+00,2026-09-20 05:51:59.774255+00
33,F3,C,2026-09-20 05:51:14.663+00,2026-09-20 05:51:14.679295+00,2026-09-20 05:52:19.71353+00,2026-09-20 05:52:19.719552+00,2026-09-20 05:52:19.724587+00
33,F3,C,2026-09-20 05:52:19.664+00,2026-09-20 05:52:24.666426+00,2026-09-20 05:53:24.766998+00,2026-09-20 05:53:24.773192+00,2026-09-20 05:53:24.777485+00
33,F3,C,2026-09-20 05:52:34.685+00,2026-09-20 05:52:39.672747+00,2026-09-20 05:53:44.76269+00,2026-09-20 05:53:44.769029+00,2026-09-20 05:53:44.772833+00
33,F3,C,2026-09-20 05:53:39.665+00,2026-09-20 05:53:44.670719+00,2026-09-20 05:54:49.70919+00,2026-09-20 05:54:49.71535+00,2026-09-20 05:54:49.71929+00
33,F3,C,2026-09-20 05:54:54.662+00,2026-09-20 05:54:59.67364+00,2026-09-20 05:56:04.742823+00,2026-09-20 05:56:04.752448+00,2026-09-20 05:56:04.757674+00
33,F3,C,2026-09-20 05:55:44.677+00,2026-09-20 05:55:49.672707+00,2026-09-20 05:56:54.722107+00,2026-09-20 05:56:54.729938+00,2026-09-20 05:56:54.734819+00
33,F3,C,2026-09-20 05:57:09.678+00,2026-09-20 05:57:14.670712+00,2026-09-20 05:58:19.744031+00,2026-09-20 05:58:19.749705+00,2026-09-20 05:58:19.753661+00
34,F5,A,2026-09-20 05:59:24.672+00,2026-09-20 05:59:29.677053+00,2026-09-20 06:00:34.70753+00,2026-09-20 06:00:34.713301+00,
34,F5,A,2026-09-20 06:02:04.676+00,2026-09-20 06:02:09.665338+00,2026-09-20 06:03:14.751622+00,2026-09-20 06:03:14.759529+00,
34,F5,A,2026-09-20 06:03:59.674+00,2026-09-20 06:04:04.662172+00,2026-09-20 06:05:04.758856+00,2026-09-20 06:05:04.765326+00,
34,F5,A,2026-09-20 06:04:04.662+00,2026-09-20 06:04:09.666557+00,2026-09-20 06:05:09.726826+00,2026-09-20 06:05:09.732543+00,
34,F5,A,2026-09-20 06:05:14.678+00,2026-09-20 06:05:19.674879+00,2026-09-20 06:06:14.715636+00,2026-09-20 06:06:14.720988+00,
34,F5,A,2026-09-20 06:09:24.673+00,2026-09-20 06:09:29.662653+00,2026-09-20 06:10:34.738954+00,2026-09-20 06:10:34.747061+00,
34,F5,A,2026-09-20 06:10:39.668+00,2026-09-20 06:10:44.673385+00,2026-09-20 06:11:49.714983+00,2026-09-20 06:11:49.72024+00,
34,F5,A,2026-09-20 06:11:39.67+00,2026-09-20 06:11:44.665529+00,2026-09-20 06:12:49.707765+00,2026-09-20 06:12:49.71456+00,
34,F5,A,2026-09-20 06:14:44.658+00,2026-09-20 06:14:44.672828+00,2026-09-20 06:15:49.753806+00,2026-09-20 06:15:49.760604+00,
34,F5,A,2026-09-20 06:15:44.677+00,2026-09-20 06:15:49.670294+00,2026-09-20 06:16:54.714232+00,2026-09-20 06:16:54.719671+00,
34,F5,A,2026-09-20 06:16:34.667+00,2026-09-20 06:16:39.667563+00,2026-09-20 06:17:39.719394+00,2026-09-20 06:17:39.725733+00,
34,F5,A,2026-09-20 06:17:09.676+00,2026-09-20 06:17:14.667504+00,2026-09-20 06:18:19.712823+00,2026-09-20 06:18:19.718718+00,
34,F5,A,2026-09-20 06:17:39.67+00,2026-09-20 06:17:44.668975+00,2026-09-20 06:18:49.716309+00,2026-09-20 06:18:49.721828+00,
34,F5,A,2026-09-20 06:18:59.66+00,2026-09-20 06:18:59.672342+00,2026-09-20 06:20:04.771666+00,2026-09-20 06:20:04.79105+00,
34,F5,A,2026-09-20 06:20:29.671+00,2026-09-20 06:20:34.66303+00,2026-09-20 06:21:39.784281+00,2026-09-20 06:21:39.791042+00,
34,F5,A,2026-09-20 06:21:39.677+00,2026-09-20 06:21:44.66725+00,2026-09-20 06:22:49.713766+00,2026-09-20 06:22:49.719331+00,
34,F5,A,2026-09-20 06:22:49.663+00,2026-09-20 06:22:54.663421+00,2026-09-20 06:23:54.717125+00,2026-09-20 06:23:54.723377+00,
35,F5,B,2026-09-20 06:26:19.669+00,2026-09-20 06:26:24.674181+00,2026-09-20 06:27:29.784634+00,2026-09-20 06:27:37.271186+00,2026-09-20 06:27:37.275835+00
35,F5,B,2026-09-20 06:28:19.682+00,2026-09-20 06:28:24.665411+00,2026-09-20 06:29:24.758307+00,2026-09-20 06:29:31.6069+00,2026-09-20 06:29:31.612941+00
35,F5,B,2026-09-20 06:29:44.666+00,2026-09-20 06:29:49.673146+00,2026-09-20 06:30:49.76016+00,2026-09-20 06:30:57.829929+00,2026-09-20 06:30:57.83889+00
35,F5,B,2026-09-20 06:34:49.677+00,2026-09-20 06:34:54.667459+00,2026-09-20 06:35:59.757257+00,2026-09-20 06:36:06.612809+00,2026-09-20 06:36:06.619707+00
35,F5,B,2026-09-20 06:36:09.671+00,2026-09-20 06:36:14.662644+00,2026-09-20 06:37:19.750676+00,2026-09-20 06:37:28.145899+00,2026-09-20 06:37:28.15107+00
35,F5,B,2026-09-20 06:40:39.668+00,2026-09-20 06:40:44.67466+00,2026-09-20 06:41:49.760312+00,2026-09-20 06:41:58.961378+00,2026-09-20 06:41:58.967564+00
35,F5,B,2026-09-20 06:42:44.673+00,2026-09-20 06:42:49.667252+00,2026-09-20 06:43:54.76153+00,2026-09-20 06:44:02.654315+00,2026-09-20 06:44:02.659598+00
35,F5,B,2026-09-20 06:45:14.668+00,2026-09-20 06:45:19.666718+00,2026-09-20 06:46:19.781014+00,2026-09-20 06:46:30.725845+00,2026-09-20 06:46:30.731314+00
35,F5,B,2026-09-20 06:46:19.664+00,2026-09-20 06:46:24.661597+00,2026-09-20 06:47:24.719889+00,2026-09-20 06:47:30.789607+00,2026-09-20 06:47:30.794536+00
35,F5,B,2026-09-20 06:47:04.686+00,2026-09-20 06:47:09.666732+00,2026-09-20 06:48:14.721715+00,2026-09-20 06:48:20.419758+00,2026-09-20 06:48:20.424887+00
35,F5,B,2026-09-20 06:47:39.678+00,2026-09-20 06:47:44.670649+00,2026-09-20 06:48:49.76446+00,2026-09-20 06:48:57.365686+00,2026-09-20 06:48:57.370742+00
36,F5,C,2026-09-20 06:52:19.678+00,2026-09-20 06:52:24.673589+00,2026-09-20 06:53:09.70871+00,2026-09-20 06:53:09.715776+00,2026-09-20 06:53:09.722553+00
36,F5,C,2026-09-20 06:56:29.663+00,2026-09-20 06:56:34.667771+00,2026-09-20 06:57:39.772853+00,2026-09-20 06:57:39.781465+00,2026-09-20 06:57:39.788796+00
36,F5,C,2026-09-20 06:57:14.683+00,2026-09-20 06:57:19.6671+00,2026-09-20 06:58:04.755483+00,2026-09-20 06:58:04.762103+00,2026-09-20 06:58:04.766736+00
36,F5,C,2026-09-20 06:59:39.682+00,2026-09-20 06:59:44.673696+00,2026-09-20 07:00:49.754458+00,2026-09-20 07:00:49.761475+00,2026-09-20 07:00:49.767941+00
36,F5,C,2026-09-20 07:01:54.673+00,2026-09-20 07:01:59.671211+00,2026-09-20 07:03:04.757304+00,2026-09-20 07:03:04.766562+00,2026-09-20 07:03:04.772074+00
36,F5,C,2026-09-20 07:05:39.669+00,2026-09-20 07:05:44.67083+00,2026-09-20 07:06:49.75512+00,2026-09-20 07:06:49.76114+00,2026-09-20 07:06:49.766567+00
36,F5,C,2026-09-20 07:06:14.68+00,2026-09-20 07:06:19.664822+00,2026-09-20 07:07:19.761145+00,2026-09-20 07:07:19.76896+00,2026-09-20 07:07:19.774166+00
36,F5,C,2026-09-20 07:07:09.663+00,2026-09-20 07:07:14.662444+00,2026-09-20 07:08:19.720674+00,2026-09-20 07:08:19.727596+00,2026-09-20 07:08:19.732499+00
36,F5,C,2026-09-20 07:08:14.668+00,2026-09-20 07:08:19.665658+00,2026-09-20 07:09:19.770172+00,2026-09-20 07:09:19.776588+00,2026-09-20 07:09:19.780721+00
36,F5,C,2026-09-20 07:08:39.67+00,2026-09-20 07:08:44.671556+00,2026-09-20 07:09:49.722271+00,2026-09-20 07:09:49.728162+00,2026-09-20 07:09:49.73242+00
36,F5,C,2026-09-20 07:09:29.677+00,2026-09-20 07:09:34.671348+00,2026-09-20 07:10:39.718072+00,2026-09-20 07:10:39.724402+00,2026-09-20 07:10:39.72891+00
36,F5,C,2026-09-20 07:09:54.666+00,2026-09-20 07:09:59.66253+00,2026-09-20 07:10:59.716903+00,2026-09-20 07:10:59.725421+00,2026-09-20 07:10:59.729393+00
36,F5,C,2026-09-20 07:11:09.679+00,2026-09-20 07:11:14.673381+00,2026-09-20 07:12:09.769045+00,2026-09-20 07:12:09.774951+00,2026-09-20 07:12:09.780236+00
36,F5,C,2026-09-20 07:11:59.678+00,2026-09-20 07:12:04.670398+00,2026-09-20 07:12:59.728868+00,2026-09-20 07:12:59.73926+00,2026-09-20 07:12:59.746104+00
36,F5,C,2026-09-20 07:12:19.677+00,2026-09-20 07:12:24.665704+00,2026-09-20 07:13:29.757698+00,2026-09-20 07:13:29.763837+00,2026-09-20 07:13:29.768872+00
36,F5,C,2026-09-20 07:15:29.673+00,2026-09-20 07:15:34.666143+00,2026-09-20 07:16:39.80442+00,2026-09-20 07:16:39.810675+00,2026-09-20 07:16:39.815199+00
36,F5,C,2026-09-20 07:16:09.661+00,2026-09-20 07:16:14.665894+00,2026-09-20 07:17:19.710446+00,2026-09-20 07:17:19.716322+00,2026-09-20 07:17:19.720452+00
36,F5,C,2026-09-20 07:17:44.671+00,2026-09-20 07:17:49.670711+00,2026-09-20 07:17:49.729784+00,2026-09-20 07:17:49.73835+00,2026-09-20 07:17:49.744097+00
37,F3,C,2026-09-20 07:20:29.68+00,2026-09-20 07:20:34.665554+00,2026-09-20 07:21:39.751071+00,2026-09-20 07:21:39.757484+00,2026-09-20 07:21:39.761419+00
37,F3,C,2026-09-20 07:22:14.671+00,2026-09-20 07:22:19.667204+00,2026-09-20 07:23:19.758218+00,2026-09-20 07:23:19.765753+00,2026-09-20 07:23:19.772005+00
37,F3,C,2026-09-20 07:23:09.683+00,2026-09-20 07:23:14.666747+00,2026-09-20 07:23:44.786472+00,2026-09-20 07:23:44.794518+00,2026-09-20 07:23:44.800721+00
37,F3,C,2026-09-20 07:23:19.667+00,2026-09-20 07:23:24.669164+00,2026-09-20 07:24:29.71262+00,2026-09-20 07:24:29.718583+00,2026-09-20 07:24:29.722801+00
37,F3,C,2026-09-20 07:23:24.68+00,2026-09-20 07:23:29.689782+00,2026-09-20 07:24:19.761265+00,2026-09-20 07:24:19.767301+00,2026-09-20 07:24:19.772179+00
37,F3,C,2026-09-20 07:25:49.661+00,2026-09-20 07:25:54.664565+00,2026-09-20 07:26:59.760603+00,2026-09-20 07:26:59.766688+00,2026-09-20 07:26:59.771464+00
37,F3,C,2026-09-20 07:26:54.68+00,2026-09-20 07:26:59.664198+00,2026-09-20 07:28:04.766474+00,2026-09-20 07:28:04.77368+00,2026-09-20 07:28:04.779489+00
37,F3,C,2026-09-20 07:27:24.664+00,2026-09-20 07:27:24.678185+00,2026-09-20 07:28:29.709294+00,2026-09-20 07:28:29.714933+00,2026-09-20 07:28:29.718589+00
37,F3,C,2026-09-20 07:28:24.677+00,2026-09-20 07:28:29.662059+00,2026-09-20 07:29:29.763024+00,2026-09-20 07:29:29.770163+00,2026-09-20 07:29:29.775862+00
37,F3,C,2026-09-20 07:29:24.667+00,2026-09-20 07:29:29.66259+00,2026-09-20 07:30:29.718437+00,2026-09-20 07:30:29.724135+00,2026-09-20 07:30:29.728463+00
37,F3,C,2026-09-20 07:30:34.663+00,2026-09-20 07:30:34.674106+00,2026-09-20 07:31:39.765836+00,2026-09-20 07:31:39.772174+00,2026-09-20 07:31:39.776471+00
37,F3,C,2026-09-20 07:31:44.663+00,2026-09-20 07:31:49.66524+00,2026-09-20 07:32:49.755388+00,2026-09-20 07:32:49.761261+00,2026-09-20 07:32:49.765414+00
37,F3,C,2026-09-20 07:34:14.664+00,2026-09-20 07:34:14.673602+00,2026-09-20 07:35:19.749027+00,2026-09-20 07:35:19.757078+00,2026-09-20 07:35:19.762042+00
37,F3,C,2026-09-20 07:35:19.674+00,2026-09-20 07:35:24.672594+00,2026-09-20 07:36:29.710209+00,2026-09-20 07:36:29.716959+00,2026-09-20 07:36:29.721513+00
37,F3,C,2026-09-20 07:36:59.67+00,2026-09-20 07:37:04.663757+00,2026-09-20 07:38:09.725113+00,2026-09-20 07:38:09.731433+00,2026-09-20 07:38:09.736472+00
37,F3,C,2026-09-20 07:37:09.67+00,2026-09-20 07:37:14.666044+00,2026-09-20 07:37:19.75292+00,2026-09-20 07:37:19.759042+00,2026-09-20 07:37:19.763219+00
37,F3,C,2026-09-20 07:37:19.669+00,2026-09-20 07:37:24.678399+00,2026-09-20 07:38:29.754409+00,2026-09-20 07:38:29.760443+00,2026-09-20 07:38:29.765157+00
37,F3,C,2026-09-20 07:39:59.67+00,2026-09-20 07:40:04.664139+00,2026-09-20 07:41:09.751779+00,2026-09-20 07:41:09.760778+00,2026-09-20 07:41:09.765894+00
37,F3,C,2026-09-20 07:40:09.687+00,2026-09-20 07:40:14.677606+00,2026-09-20 07:41:19.753169+00,2026-09-20 07:41:19.760194+00,2026-09-20 07:41:19.764565+00
37,F3,C,2026-09-20 07:41:09.663+00,2026-09-20 07:41:14.659949+00,2026-09-20 07:42:19.714802+00,2026-09-20 07:42:19.721109+00,2026-09-20 07:42:19.724984+00
37,F3,C,2026-09-20 07:42:19.675+00,2026-09-20 07:42:24.666348+00,2026-09-20 07:43:29.775097+00,2026-09-20 07:43:29.782756+00,2026-09-20 07:43:29.788058+00
38,F3,B,2026-09-20 07:46:39.67+00,2026-09-20 07:46:44.665538+00,2026-09-20 07:47:44.751311+00,2026-09-20 07:47:53.803982+00,2026-09-20 07:47:53.810635+00
38,F3,B,2026-09-20 07:47:59.668+00,2026-09-20 07:48:04.662057+00,2026-09-20 07:49:04.748107+00,2026-09-20 07:49:11.542119+00,2026-09-20 07:49:11.547969+00
38,F3,B,2026-09-20 07:49:44.682+00,2026-09-20 07:49:49.666376+00,2026-09-20 07:50:44.716507+00,2026-09-20 07:50:53.210152+00,2026-09-20 07:50:53.493265+00
38,F3,B,2026-09-20 07:51:04.664+00,2026-09-20 07:51:04.674468+00,2026-09-20 07:52:09.7915+00,2026-09-20 07:52:16.592388+00,2026-09-20 07:52:16.598031+00
38,F3,B,2026-09-20 07:51:44.685+00,2026-09-20 07:51:49.671835+00,2026-09-20 07:52:54.756322+00,2026-09-20 07:52:59.280914+00,2026-09-20 07:52:59.286256+00
38,F3,B,2026-09-20 07:53:09.671+00,2026-09-20 07:53:14.66881+00,2026-09-20 07:54:19.749871+00,2026-09-20 07:54:26.130415+00,2026-09-20 07:54:26.136259+00
38,F3,B,2026-09-20 07:53:19.673+00,2026-09-20 07:53:24.664214+00,2026-09-20 07:54:29.751102+00,2026-09-20 07:54:34.999616+00,2026-09-20 07:54:35.395841+00
38,F3,B,2026-09-20 07:56:14.658+00,2026-09-20 07:56:14.67335+00,2026-09-20 07:57:19.789023+00,2026-09-20 07:57:28.312855+00,2026-09-20 07:57:28.318916+00
38,F3,B,2026-09-20 07:59:19.669+00,2026-09-20 07:59:24.667444+00,2026-09-20 08:00:29.745769+00,2026-09-20 08:00:36.541332+00,2026-09-20 08:00:36.54854+00
38,F3,B,2026-09-20 08:01:19.671+00,2026-09-20 08:01:24.665558+00,2026-09-20 08:02:29.760071+00,2026-09-20 08:02:35.835363+00,2026-09-20 08:02:35.842403+00
38,F3,B,2026-09-20 08:02:19.671+00,2026-09-20 08:02:24.669139+00,2026-09-20 08:03:24.720864+00,2026-09-20 08:03:30.053246+00,2026-09-20 08:03:30.060919+00
38,F3,B,2026-09-20 08:02:29.666+00,2026-09-20 08:02:34.663888+00,2026-09-20 08:03:34.779006+00,2026-09-20 08:03:41.14872+00,2026-09-20 08:03:41.160131+00
38,F3,B,2026-09-20 08:05:49.672+00,2026-09-20 08:05:54.671475+00,2026-09-20 08:06:59.791298+00,2026-09-20 08:07:08.497129+00,2026-09-20 08:07:08.505936+00
38,F3,B,2026-09-20 08:07:39.669+00,2026-09-20 08:07:44.676485+00,2026-09-20 08:08:49.75525+00,2026-09-20 08:08:57.488135+00,2026-09-20 08:08:57.494535+00
38,F3,B,2026-09-20 08:08:59.682+00,2026-09-20 08:09:04.673549+00,2026-09-20 08:10:09.773872+00,2026-09-20 08:10:09.783159+00,
38,F3,B,2026-09-20 08:09:19.688+00,2026-09-20 08:09:24.66781+00,2026-09-20 08:10:29.801153+00,2026-09-20 08:10:29.821707+00,
39,F3,A,2026-09-20 08:10:09.682+00,2026-09-20 08:10:14.666678+00,2026-09-20 08:11:19.712254+00,2026-09-20 08:11:19.718484+00,
39,F3,A,2026-09-20 08:10:29.689+00,2026-09-20 08:10:34.661023+00,2026-09-20 08:11:34.720649+00,2026-09-20 08:11:34.727002+00,
39,F3,A,2026-09-20 08:13:04.668+00,2026-09-20 08:13:09.664725+00,2026-09-20 08:14:04.744772+00,2026-09-20 08:14:04.752914+00,
39,F3,A,2026-09-20 08:14:44.667+00,2026-09-20 08:14:49.665942+00,2026-09-20 08:15:54.757496+00,2026-09-20 08:15:54.763971+00,
39,F3,A,2026-09-20 08:15:34.685+00,2026-09-20 08:15:39.676122+00,2026-09-20 08:16:24.733391+00,2026-09-20 08:16:24.74033+00,
39,F3,A,2026-09-20 08:16:39.684+00,2026-09-20 08:16:44.670396+00,2026-09-20 08:17:49.75706+00,2026-09-20 08:17:49.764845+00,
39,F3,A,2026-09-20 08:17:19.662+00,2026-09-20 08:17:24.666156+00,2026-09-20 08:18:29.733592+00,2026-09-20 08:18:29.742326+00,
39,F3,A,2026-09-20 08:17:34.678+00,2026-09-20 08:17:39.665251+00,2026-09-20 08:18:44.717145+00,2026-09-20 08:18:44.722858+00,
39,F3,A,2026-09-20 08:18:04.668+00,2026-09-20 08:18:04.674843+00,2026-09-20 08:19:09.724026+00,2026-09-20 08:19:09.729918+00,
39,F3,A,2026-09-20 08:19:24.664+00,2026-09-20 08:19:29.665223+00,2026-09-20 08:20:29.787535+00,2026-09-20 08:20:29.794415+00,
39,F3,A,2026-09-20 08:19:54.672+00,2026-09-20 08:19:59.668027+00,2026-09-20 08:21:04.723517+00,2026-09-20 08:21:04.729777+00,
39,F3,A,2026-09-20 08:21:59.676+00,2026-09-20 08:22:04.673211+00,2026-09-20 08:23:09.779472+00,2026-09-20 08:23:09.797045+00,
39,F3,A,2026-09-20 08:22:39.663+00,2026-09-20 08:22:44.674+00,2026-09-20 08:23:49.719595+00,2026-09-20 08:23:49.725515+00,
39,F3,A,2026-09-20 08:24:54.665+00,2026-09-20 08:24:59.659693+00,2026-09-20 08:25:59.747385+00,2026-09-20 08:25:59.753858+00,
39,F3,A,2026-09-20 08:24:59.67+00,2026-09-20 08:25:04.673534+00,2026-09-20 08:26:09.70682+00,2026-09-20 08:26:09.712576+00,
39,F3,A,2026-09-20 08:27:19.674+00,2026-09-20 08:27:24.664992+00,2026-09-20 08:28:29.762407+00,2026-09-20 08:28:29.771469+00,
39,F3,A,2026-09-20 08:27:44.674+00,2026-09-20 08:27:49.677209+00,2026-09-20 08:28:54.723201+00,2026-09-20 08:28:54.729581+00,
39,F3,A,2026-09-20 08:28:34.667+00,2026-09-20 08:28:34.674935+00,2026-09-20 08:29:39.713916+00,2026-09-20 08:29:39.720733+00,
39,F3,A,2026-09-20 08:29:59.668+00,2026-09-20 08:30:04.674907+00,2026-09-20 08:31:09.753237+00,2026-09-20 08:31:09.759222+00,
39,F3,A,2026-09-20 08:31:09.676+00,2026-09-20 08:31:14.65901+00,2026-09-20 08:32:14.723627+00,2026-09-20 08:32:14.729727+00,
39,F3,A,2026-09-20 08:32:14.669+00,2026-09-20 08:32:19.661899+00,2026-09-20 08:33:19.744066+00,2026-09-20 08:33:19.751947+00,
39,F3,A,2026-09-20 08:33:14.684+00,2026-09-20 08:33:19.674022+00,2026-09-20 08:34:24.713829+00,2026-09-20 08:34:24.720262+00,
39,F3,A,2026-09-20 08:34:59.674+00,2026-09-20 08:35:04.663906+00,2026-09-20 08:36:04.760151+00,2026-09-20 08:36:12.718712+00,2026-09-20 08:36:12.724626+00
39,F3,A,2026-09-20 08:35:09.694+00,2026-09-20 08:35:14.669869+00,2026-09-20 08:36:19.719544+00,2026-09-20 08:36:25.931403+00,2026-09-20 08:36:25.936872+00
40,F2,B,2026-09-20 08:38:09.682+00,2026-09-20 08:38:14.671221+00,2026-09-20 08:39:19.74509+00,2026-09-20 08:39:27.91365+00,2026-09-20 08:39:28.612378+00
40,F2,B,2026-09-20 08:40:29.667+00,2026-09-20 08:40:34.67325+00,2026-09-20 08:41:39.712082+00,2026-09-20 08:41:47.686824+00,2026-09-20 08:41:47.693778+00
40,F2,B,2026-09-20 08:43:54.669+00,2026-09-20 08:43:59.662415+00,2026-09-20 08:45:04.749683+00,2026-09-20 08:45:11.050346+00,2026-09-20 08:45:11.056392+00
40,F2,B,2026-09-20 08:43:59.67+00,2026-09-20 08:44:04.677566+00,2026-09-20 08:45:09.721146+00,2026-09-20 08:45:14.973403+00,2026-09-20 08:45:14.978643+00
40,F2,B,2026-09-20 08:45:44.668+00,2026-09-20 08:45:49.673149+00,2026-09-20 08:46:54.76962+00,2026-09-20 08:47:03.000756+00,2026-09-20 08:47:03.006156+00
40,F2,B,2026-09-20 08:48:24.675+00,2026-09-20 08:48:29.671694+00,2026-09-20 08:49:34.757129+00,2026-09-20 08:49:42.657172+00,2026-09-20 08:49:42.664237+00
40,F2,B,2026-09-20 08:52:09.671+00,2026-09-20 08:52:14.659345+00,2026-09-20 08:53:19.748144+00,2026-09-20 08:53:28.773004+00,2026-09-20 08:53:28.836005+00
40,F2,B,2026-09-20 08:53:19.672+00,2026-09-20 08:53:24.660734+00,2026-09-20 08:54:29.84459+00,2026-09-20 08:54:43.824387+00,2026-09-20 08:54:43.830419+00
40,F2,B,2026-09-20 08:53:19.677+00,2026-09-20 08:53:24.667157+00,2026-09-20 08:54:29.778072+00,2026-09-20 08:54:35.471098+00,2026-09-20 08:54:35.477604+00
40,F2,B,2026-09-20 08:58:39.672+00,2026-09-20 08:58:44.668873+00,2026-09-20 08:59:49.808017+00,2026-09-20 08:59:58.752831+00,2026-09-20 08:59:58.759219+00
40,F2,B,2026-09-20 08:59:59.678+00,2026-09-20 09:00:04.669498+00,2026-09-20 09:01:09.764074+00,2026-09-20 09:01:18.192638+00,2026-09-20 09:01:18.197908+00
40,F2,B,2026-09-20 09:00:14.725+00,2026-09-20 09:00:19.677106+00,2026-09-20 09:01:24.723449+00,2026-09-20 09:01:29.367223+00,2026-09-20 09:01:29.374673+00
41,F2,A,2026-09-20 09:06:14.67+00,2026-09-20 09:06:19.668793+00,2026-09-20 09:07:19.761475+00,2026-09-20 09:07:19.771126+00,
41,F2,A,2026-09-20 09:07:59.665+00,2026-09-20 09:08:04.68338+00,2026-09-20 09:09:09.750079+00,2026-09-20 09:09:09.767396+00,
41,F2,A,2026-09-20 09:10:04.67+00,2026-09-20 09:10:09.667698+00,2026-09-20 09:11:14.75463+00,2026-09-20 09:11:14.760836+00,
41,F2,A,2026-09-20 09:10:14.681+00,2026-09-20 09:10:19.669884+00,2026-09-20 09:11:24.715594+00,2026-09-20 09:11:24.722249+00,
41,F2,A,2026-09-20 09:11:14.671+00,2026-09-20 09:11:19.66572+00,2026-09-20 09:12:24.705872+00,2026-09-20 09:12:24.711967+00,
41,F2,A,2026-09-20 09:11:49.686+00,2026-09-20 09:11:54.673081+00,2026-09-20 09:12:59.720135+00,2026-09-20 09:12:59.7262+00,
41,F2,A,2026-09-20 09:14:14.663+00,2026-09-20 09:14:14.6737+00,2026-09-20 09:15:19.746575+00,2026-09-20 09:15:19.754021+00,
41,F2,A,2026-09-20 09:16:24.664+00,2026-09-20 09:16:29.674669+00,2026-09-20 09:17:34.753444+00,2026-09-20 09:17:34.759614+00,
41,F2,A,2026-09-20 09:17:09.67+00,2026-09-20 09:17:14.661255+00,2026-09-20 09:18:14.730523+00,2026-09-20 09:18:14.736564+00,
41,F2,A,2026-09-20 09:18:49.683+00,2026-09-20 09:18:54.667725+00,2026-09-20 09:19:19.731412+00,2026-09-20 09:19:19.753698+00,
41,F2,A,2026-09-20 09:18:54.67+00,2026-09-20 09:18:59.664425+00,2026-09-20 09:19:59.714018+00,2026-09-20 09:19:59.720303+00,
41,F2,A,2026-09-20 09:19:59.669+00,2026-09-20 09:20:04.659027+00,2026-09-20 09:21:09.754703+00,2026-09-20 09:21:09.761667+00,
41,F2,A,2026-09-20 09:21:14.669+00,2026-09-20 09:21:19.66536+00,2026-09-20 09:22:24.75215+00,2026-09-20 09:22:24.75899+00,
41,F2,A,2026-09-20 09:22:44.672+00,2026-09-20 09:22:49.663426+00,2026-09-20 09:23:54.800556+00,2026-09-20 09:23:54.807291+00,
41,F2,A,2026-09-20 09:23:49.684+00,2026-09-20 09:23:54.673096+00,2026-09-20 09:24:59.734229+00,2026-09-20 09:24:59.742791+00,
41,F2,A,2026-09-20 09:23:54.672+00,2026-09-20 09:23:59.668867+00,2026-09-20 09:24:59.785925+00,2026-09-20 09:24:59.794099+00,
41,F2,A,2026-09-20 09:24:24.682+00,2026-09-20 09:24:29.67311+00,2026-09-20 09:25:34.723495+00,2026-09-20 09:25:34.730698+00,
41,F2,A,2026-09-20 09:26:09.677+00,2026-09-20 09:26:14.663109+00,2026-09-20 09:27:19.748297+00,2026-09-20 09:27:19.754005+00,
41,F2,A,2026-09-20 09:26:19.677+00,2026-09-20 09:26:24.660957+00,2026-09-20 09:27:29.720621+00,2026-09-20 09:27:29.730047+00,
42,F2,C,2026-09-20 09:28:29.666+00,2026-09-20 09:28:29.680497+00,2026-09-20 09:29:34.714173+00,2026-09-20 09:29:34.731495+00,2026-09-20 09:29:34.736762+00
42,F2,C,2026-09-20 09:32:59.665+00,2026-09-20 09:33:04.664322+00,2026-09-20 09:34:04.760284+00,2026-09-20 09:34:04.766886+00,2026-09-20 09:34:04.771697+00
42,F2,C,2026-09-20 09:34:09.682+00,2026-09-20 09:34:14.675887+00,2026-09-20 09:35:19.746817+00,2026-09-20 09:35:19.764657+00,2026-09-20 09:35:19.770028+00
42,F2,C,2026-09-20 09:35:39.667+00,2026-09-20 09:35:44.673495+00,2026-09-20 09:36:49.74914+00,2026-09-20 09:36:49.755269+00,2026-09-20 09:36:49.759402+00
42,F2,C,2026-09-20 09:36:04.676+00,2026-09-20 09:36:09.663161+00,2026-09-20 09:37:14.710527+00,2026-09-20 09:37:14.719135+00,2026-09-20 09:37:14.723566+00
42,F2,C,2026-09-20 09:38:14.659+00,2026-09-20 09:38:14.675336+00,2026-09-20 09:39:19.750324+00,2026-09-20 09:39:19.757299+00,2026-09-20 09:39:19.762112+00
42,F2,C,2026-09-20 09:39:19.666+00,2026-09-20 09:39:24.659692+00,2026-09-20 09:40:24.716031+00,2026-09-20 09:40:24.73374+00,2026-09-20 09:40:24.738956+00
42,F2,C,2026-09-20 09:40:29.679+00,2026-09-20 09:40:34.667537+00,2026-09-20 09:41:34.716629+00,2026-09-20 09:41:34.723739+00,2026-09-20 09:41:34.727991+00
42,F2,C,2026-09-20 09:41:54.663+00,2026-09-20 09:41:59.673805+00,2026-09-20 09:43:04.757417+00,2026-09-20 09:43:04.764104+00,2026-09-20 09:43:04.769012+00
42,F2,C,2026-09-20 09:42:44.682+00,2026-09-20 09:42:49.67274+00,2026-09-20 09:43:54.76136+00,2026-09-20 09:43:54.768963+00,2026-09-20 09:43:54.773175+00
42,F2,C,2026-09-20 09:43:09.668+00,2026-09-20 09:43:14.673437+00,2026-09-20 09:44:19.724382+00,2026-09-20 09:44:19.732592+00,2026-09-20 09:44:19.737515+00
42,F2,C,2026-09-20 09:45:24.678+00,2026-09-20 09:45:29.661403+00,2026-09-20 09:46:34.755249+00,2026-09-20 09:46:34.76312+00,2026-09-20 09:46:34.768911+00
42,F2,C,2026-09-20 09:47:14.667+00,2026-09-20 09:47:19.665858+00,2026-09-20 09:48:24.718868+00,2026-09-20 09:48:24.72539+00,2026-09-20 09:48:24.729793+00
42,F2,C,2026-09-20 09:47:34.678+00,2026-09-20 09:47:39.665125+00,2026-09-20 09:47:44.761826+00,2026-09-20 09:47:44.773085+00,2026-09-20 09:47:44.778251+00
42,F2,C,2026-09-20 09:47:44.672+00,2026-09-20 09:47:49.674859+00,2026-09-20 09:48:54.769084+00,2026-09-20 09:48:54.777032+00,2026-09-20 09:48:54.782182+00
42,F2,C,2026-09-20 09:49:49.683+00,2026-09-20 09:49:54.665574+00,2026-09-20 09:50:54.803068+00,2026-09-20 09:50:54.810611+00,2026-09-20 09:50:54.815701+00
42,F2,C,2026-09-20 09:50:04.676+00,2026-09-20 09:50:09.665067+00,2026-09-20 09:51:09.72384+00,2026-09-20 09:51:09.730228+00,2026-09-20 09:51:09.734314+00
42,F2,C,2026-09-20 09:50:14.677+00,2026-09-20 09:50:19.672771+00,2026-09-20 09:51:24.721116+00,2026-09-20 09:51:24.729265+00,2026-09-20 09:51:24.734516+00
42,F2,C,2026-09-20 09:50:59.685+00,2026-09-20 09:51:04.667585+00,2026-09-20 09:52:09.752967+00,2026-09-20 09:52:09.759359+00,2026-09-20 09:52:09.76316+00
42,F2,C,2026-09-20 09:51:34.669+00,2026-09-20 09:51:39.661923+00,2026-09-20 09:52:39.716282+00,2026-09-20 09:52:39.722286+00,2026-09-20 09:52:39.726683+00
42,F2,C,2026-09-20 09:52:09.674+00,2026-09-20 09:52:14.670595+00,2026-09-20 09:53:19.767498+00,2026-09-20 09:53:19.774199+00,2026-09-20 09:53:19.778546+00
43,F1,C,2026-09-20 09:57:14.685+00,2026-09-20 09:57:19.661453+00,2026-09-20 09:58:24.913566+00,2026-09-20 09:58:24.968425+00,2026-09-20 09:58:25.08559+00
43,F1,C,2026-09-20 09:59:14.668+00,2026-09-20 09:59:19.662308+00,2026-09-20 09:59:44.833227+00,2026-09-20 09:59:44.84945+00,2026-09-20 09:59:44.856193+00
43,F1,C,2026-09-20 09:59:54.674+00,2026-09-20 09:59:59.661458+00,2026-09-20 10:01:04.788142+00,2026-09-20 10:01:04.794825+00,2026-09-20 10:01:04.799628+00
43,F1,C,2026-09-20 10:01:19.695+00,2026-09-20 10:01:24.670673+00,2026-09-20 10:02:29.845343+00,2026-09-20 10:02:29.855957+00,2026-09-20 10:02:29.863551+00
43,F1,C,2026-09-20 10:02:14.679+00,2026-09-20 10:02:19.671487+00,2026-09-20 10:03:24.785841+00,2026-09-20 10:03:24.794034+00,2026-09-20 10:03:24.801665+00
43,F1,C,2026-09-20 10:04:54.668+00,2026-09-20 10:04:59.659273+00,2026-09-20 10:06:04.76347+00,2026-09-20 10:06:04.770073+00,2026-09-20 10:06:04.774209+00
43,F1,C,2026-09-20 10:05:04.677+00,2026-09-20 10:05:09.673483+00,2026-09-20 10:06:14.759475+00,2026-09-20 10:06:14.766169+00,2026-09-20 10:06:14.770423+00
43,F1,C,2026-09-20 10:06:14.673+00,2026-09-20 10:06:19.664981+00,2026-09-20 10:07:24.766095+00,2026-09-20 10:07:24.79236+00,2026-09-20 10:07:24.798454+00
43,F1,C,2026-09-20 10:07:39.66+00,2026-09-20 10:07:44.662096+00,2026-09-20 10:08:44.750138+00,2026-09-20 10:08:44.756567+00,2026-09-20 10:08:44.760574+00
43,F1,C,2026-09-20 10:09:19.68+00,2026-09-20 10:09:24.659905+00,2026-09-20 10:09:24.752335+00,2026-09-20 10:09:24.758957+00,2026-09-20 10:09:24.763677+00
43,F1,C,2026-09-20 10:11:44.663+00,2026-09-20 10:11:49.678459+00,2026-09-20 10:12:54.715614+00,2026-09-20 10:12:54.724014+00,2026-09-20 10:12:54.729957+00
43,F1,C,2026-09-20 10:12:19.68+00,2026-09-20 10:12:24.66605+00,2026-09-20 10:12:24.750972+00,2026-09-20 10:12:24.757766+00,2026-09-20 10:12:24.762277+00
43,F1,C,2026-09-20 10:12:34.683+00,2026-09-20 10:12:39.67819+00,2026-09-20 10:13:34.764526+00,2026-09-20 10:13:34.775964+00,2026-09-20 10:13:34.780196+00
43,F1,C,2026-09-20 10:13:09.69+00,2026-09-20 10:13:14.67173+00,2026-09-20 10:14:19.724149+00,2026-09-20 10:14:19.730579+00,2026-09-20 10:14:19.735052+00
43,F1,C,2026-09-20 10:14:39.674+00,2026-09-20 10:14:44.664262+00,2026-09-20 10:15:49.791299+00,2026-09-20 10:15:49.800648+00,2026-09-20 10:15:49.804739+00
43,F1,C,2026-09-20 10:16:49.683+00,2026-09-20 10:16:54.663947+00,2026-09-20 10:17:59.760819+00,2026-09-20 10:17:59.769389+00,2026-09-20 10:17:59.774844+00
44,F1,B,2026-09-20 10:22:49.669+00,2026-09-20 10:22:54.660012+00,2026-09-20 10:23:54.754231+00,2026-09-20 10:24:00.72069+00,2026-09-20 10:24:00.727365+00
44,F1,B,2026-09-20 10:23:59.665+00,2026-09-20 10:24:04.671427+00,2026-09-20 10:25:09.814092+00,2026-09-20 10:25:18.57911+00,2026-09-20 10:25:18.585119+00
44,F1,B,2026-09-20 10:26:54.672+00,2026-09-20 10:26:59.665551+00,2026-09-20 10:28:04.752126+00,2026-09-20 10:28:11.665971+00,2026-09-20 10:28:11.677736+00
44,F1,B,2026-09-20 10:29:29.671+00,2026-09-20 10:29:34.662859+00,2026-09-20 10:30:39.7871+00,2026-09-20 10:30:46.709717+00,2026-09-20 10:30:46.715083+00
44,F1,B,2026-09-20 10:33:49.663+00,2026-09-20 10:33:54.664528+00,2026-09-20 10:34:54.769672+00,2026-09-20 10:35:02.831218+00,2026-09-20 10:35:02.83773+00
44,F1,B,2026-09-20 10:33:49.673+00,2026-09-20 10:33:54.67971+00,2026-09-20 10:34:59.71274+00,2026-09-20 10:35:07.509775+00,2026-09-20 10:35:07.515931+00
44,F1,B,2026-09-20 10:38:54.672+00,2026-09-20 10:38:59.661567+00,2026-09-20 10:39:39.756017+00,2026-09-20 10:39:47.583867+00,2026-09-20 10:39:47.591027+00
44,F1,B,2026-09-20 10:41:14.683+00,2026-09-20 10:41:19.66592+00,2026-09-20 10:42:20.370266+00,2026-09-20 10:42:26.778445+00,2026-09-20 10:42:26.787308+00
44,F1,B,2026-09-20 10:42:04.683+00,2026-09-20 10:42:09.664473+00,2026-09-20 10:43:14.72085+00,2026-09-20 10:43:24.349688+00,2026-09-20 10:43:24.358955+00
44,F1,B,2026-09-20 10:45:24.67+00,2026-09-20 10:45:29.669565+00,2026-09-20 10:46:34.758003+00,2026-09-20 10:46:43.03383+00,
45,F1,A,2026-09-20 10:59:04.674+00,2026-09-20 10:59:09.668224+00,2026-09-20 10:59:49.799835+00,2026-09-20 10:59:49.809622+00,
45,F1,A,2026-09-20 10:46:49.679+00,2026-09-20 10:46:54.687564+00,2026-09-20 10:47:59.719461+00,2026-09-20 10:47:59.727063+00,
45,F1,A,2026-09-20 10:50:04.659+00,2026-09-20 10:50:04.673246+00,2026-09-20 10:51:09.758123+00,2026-09-20 10:51:09.776836+00,
45,F1,A,2026-09-20 10:51:34.674+00,2026-09-20 10:51:39.659363+00,2026-09-20 10:52:39.765262+00,2026-09-20 10:52:39.772313+00,
45,F1,A,2026-09-20 10:52:39.659+00,2026-09-20 10:52:39.67458+00,2026-09-20 10:52:49.71971+00,2026-09-20 10:52:49.728285+00,
45,F1,A,2026-09-20 10:52:49.667+00,2026-09-20 10:52:54.662316+00,2026-09-20 10:53:54.724305+00,2026-09-20 10:53:54.731923+00,
45,F1,A,2026-09-20 10:53:19.673+00,2026-09-20 10:53:24.669809+00,2026-09-20 10:54:29.713375+00,2026-09-20 10:54:29.720119+00,
45,F1,A,2026-09-20 10:54:59.67+00,2026-09-20 10:55:04.667111+00,2026-09-20 10:56:09.741031+00,2026-09-20 10:56:09.747274+00,
45,F1,A,2026-09-20 10:59:04.678+00,2026-09-20 10:59:09.673587+00,2026-09-20 10:59:49.864127+00,2026-09-20 10:59:49.871492+00,
45,F1,A,2026-09-20 10:59:39.667+00,2026-09-20 10:59:44.660395+00,2026-09-20 11:00:44.714875+00,2026-09-20 11:00:44.722807+00,
45,F1,A,2026-09-20 10:59:54.671+00,2026-09-20 10:59:59.663367+00,2026-09-20 11:01:04.709971+00,2026-09-20 11:01:04.716334+00,
45,F1,A,2026-09-20 11:01:44.686+00,2026-09-20 11:01:49.661507+00,2026-09-20 11:02:54.754081+00,2026-09-20 11:02:54.762679+00,
45,F1,A,2026-09-20 11:02:54.676+00,2026-09-20 11:02:59.671275+00,2026-09-20 11:04:04.705896+00,2026-09-20 11:04:04.714088+00,
45,F1,A,2026-09-20 11:03:04.671+00,2026-09-20 11:03:09.670752+00,2026-09-20 11:04:14.709564+00,2026-09-20 11:04:14.717058+00,
45,F1,A,2026-09-20 11:05:14.679+00,2026-09-20 11:05:19.665668+00,2026-09-20 11:06:24.737125+00,2026-09-20 11:06:24.743725+00,
45,F1,A,2026-09-20 11:06:44.674+00,2026-09-20 11:06:49.664521+00,2026-09-20 11:07:49.759759+00,2026-09-20 11:07:49.767268+00,
45,F1,A,2026-09-20 11:08:04.685+00,2026-09-20 11:08:09.663555+00,2026-09-20 11:08:54.741205+00,2026-09-20 11:08:54.759598+00,
45,F1,A,2026-09-20 11:09:44.67+00,2026-09-20 11:09:44.673237+00,2026-09-20 11:10:49.759016+00,2026-09-20 11:10:49.766788+00,
45,F1,A,2026-09-20 11:11:59.688+00,2026-09-20 11:12:04.6749+00,2026-09-20 11:13:09.79696+00,2026-09-20 11:13:17.224523+00,2026-09-20 11:13:17.231784+00
46,F2,B,2026-09-20 11:15:49.669+00,2026-09-20 11:15:54.6688+00,2026-09-20 11:16:54.76551+00,2026-09-20 11:17:02.548365+00,2026-09-20 11:17:02.556435+00
46,F2,B,2026-09-20 11:16:49.67+00,2026-09-20 11:16:54.675987+00,2026-09-20 11:17:59.727972+00,2026-09-20 11:18:06.137397+00,2026-09-20 11:18:06.142856+00
46,F2,B,2026-09-20 11:18:19.677+00,2026-09-20 11:18:24.66744+00,2026-09-20 11:19:29.763179+00,2026-09-20 11:19:39.05707+00,2026-09-20 11:19:39.062665+00
46,F2,B,2026-09-20 11:18:54.676+00,2026-09-20 11:18:59.679103+00,2026-09-20 11:20:04.758717+00,2026-09-20 11:20:13.915342+00,2026-09-20 11:20:13.923083+00
46,F2,B,2026-09-20 11:20:04.672+00,2026-09-20 11:20:09.665665+00,2026-09-20 11:21:14.774286+00,2026-09-20 11:21:19.493132+00,2026-09-20 11:21:19.504699+00
46,F2,B,2026-09-20 11:21:39.662+00,2026-09-20 11:21:44.669002+00,2026-09-20 11:22:49.779057+00,2026-09-20 11:22:57.655489+00,2026-09-20 11:22:57.660612+00
46,F2,B,2026-09-20 11:23:54.677+00,2026-09-20 11:23:59.659751+00,2026-09-20 11:24:59.749583+00,2026-09-20 11:25:07.297533+00,2026-09-20 11:25:07.31857+00
46,F2,B,2026-09-20 11:26:19.671+00,2026-09-20 11:26:24.669283+00,2026-09-20 11:27:29.765415+00,2026-09-20 11:27:36.713406+00,2026-09-20 11:27:36.720577+00
46,F2,B,2026-09-20 11:27:29.68+00,2026-09-20 11:27:34.662711+00,2026-09-20 11:28:34.735686+00,2026-09-20 11:28:42.017461+00,2026-09-20 11:28:42.023483+00
46,F2,B,2026-09-20 11:27:34.664+00,2026-09-20 11:27:39.669549+00,2026-09-20 11:28:44.757336+00,2026-09-20 11:28:51.103409+00,2026-09-20 11:28:51.109225+00
46,F2,B,2026-09-20 11:29:44.664+00,2026-09-20 11:29:49.665723+00,2026-09-20 11:30:54.760157+00,2026-09-20 11:31:00.622999+00,2026-09-20 11:31:00.629852+00
46,F2,B,2026-09-20 11:30:59.665+00,2026-09-20 11:31:04.665046+00,2026-09-20 11:32:09.766883+00,2026-09-20 11:32:15.714469+00,2026-09-20 11:32:15.721699+00
46,F2,B,2026-09-20 11:32:09.676+00,2026-09-20 11:32:14.661687+00,2026-09-20 11:33:19.755419+00,2026-09-20 11:33:26.329291+00,2026-09-20 11:33:26.336145+00
46,F2,B,2026-09-20 11:32:19.673+00,2026-09-20 11:32:24.670784+00,2026-09-20 11:33:29.756044+00,2026-09-20 11:33:34.608317+00,2026-09-20 11:33:34.616045+00
46,F2,B,2026-09-20 11:34:39.665+00,2026-09-20 11:34:44.662482+00,2026-09-20 11:35:49.768443+00,2026-09-20 11:35:58.398331+00,2026-09-20 11:35:58.405707+00
46,F2,B,2026-09-20 11:35:59.679+00,2026-09-20 11:36:04.670811+00,2026-09-20 11:37:09.75372+00,2026-09-20 11:37:17.709877+00,2026-09-20 11:37:17.716224+00
47,F2,A,2026-09-20 11:42:09.673+00,2026-09-20 11:42:14.667013+00,2026-09-20 11:42:39.762007+00,2026-09-20 11:42:39.771725+00,
47,F2,A,2026-09-20 11:42:39.669+00,2026-09-20 11:42:44.672851+00,2026-09-20 11:43:49.744582+00,2026-09-20 11:43:49.752733+00,
47,F2,A,2026-09-20 11:43:14.662+00,2026-09-20 11:43:19.674973+00,2026-09-20 11:44:24.731846+00,2026-09-20 11:44:24.738676+00,
47,F2,A,2026-09-20 11:44:39.679+00,2026-09-20 11:44:44.668369+00,2026-09-20 11:45:49.745408+00,2026-09-20 11:45:49.75218+00,
47,F2,A,2026-09-20 11:45:49.681+00,2026-09-20 11:45:54.667098+00,2026-09-20 11:46:59.725422+00,2026-09-20 11:46:59.746902+00,
47,F2,A,2026-09-20 11:47:34.669+00,2026-09-20 11:47:39.662839+00,2026-09-20 11:48:39.756977+00,2026-09-20 11:48:39.763579+00,
47,F2,A,2026-09-20 11:47:34.678+00,2026-09-20 11:47:39.669287+00,2026-09-20 11:48:44.707505+00,2026-09-20 11:48:44.715603+00,
47,F2,A,2026-09-20 11:48:54.66+00,2026-09-20 11:48:54.675172+00,2026-09-20 11:49:59.753405+00,2026-09-20 11:49:59.760741+00,
47,F2,A,2026-09-20 11:50:24.681+00,2026-09-20 11:50:29.674535+00,2026-09-20 11:51:34.760034+00,2026-09-20 11:51:34.766564+00,
47,F2,A,2026-09-20 11:51:29.671+00,2026-09-20 11:51:34.66528+00,2026-09-20 11:52:39.706609+00,2026-09-20 11:52:39.726574+00,
47,F2,A,2026-09-20 11:53:24.667+00,2026-09-20 11:53:29.668772+00,2026-09-20 11:54:29.763309+00,2026-09-20 11:54:29.770281+00,
47,F2,A,2026-09-20 11:53:54.68+00,2026-09-20 11:53:59.671707+00,2026-09-20 11:55:04.720292+00,2026-09-20 11:55:04.726656+00,
47,F2,A,2026-09-20 11:56:39.668+00,2026-09-20 11:56:44.674577+00,2026-09-20 11:57:49.757853+00,2026-09-20 11:57:49.777255+00,
47,F2,A,2026-09-20 11:56:54.67+00,2026-09-20 11:56:59.667186+00,2026-09-20 11:58:04.732108+00,2026-09-20 11:58:04.741628+00,
47,F2,A,2026-09-20 11:58:14.662+00,2026-09-20 11:58:19.661444+00,2026-09-20 11:59:24.7607+00,2026-09-20 11:59:24.768527+00,
47,F2,A,2026-09-20 11:58:19.672+00,2026-09-20 11:58:24.671131+00,2026-09-20 11:59:29.723941+00,2026-09-20 11:59:29.733357+00,
47,F2,A,2026-09-20 11:59:34.673+00,2026-09-20 11:59:39.665963+00,2026-09-20 12:00:44.785207+00,2026-09-20 12:00:44.795181+00,
47,F2,A,2026-09-20 12:00:29.676+00,2026-09-20 12:00:34.670987+00,2026-09-20 12:01:34.724567+00,2026-09-20 12:01:34.731382+00,
47,F2,A,2026-09-20 12:01:14.662+00,2026-09-20 12:01:19.662515+00,2026-09-20 12:02:24.730475+00,2026-09-20 12:02:24.737283+00,
47,F2,A,2026-09-20 12:01:24.682+00,2026-09-20 12:01:29.669268+00,2026-09-20 12:02:34.718609+00,2026-09-20 12:02:34.727834+00,
47,F2,A,2026-09-20 12:01:59.67+00,2026-09-20 12:02:04.67382+00,2026-09-20 12:03:09.717499+00,2026-09-20 12:03:09.748104+00,
47,F2,A,2026-09-20 12:03:24.682+00,2026-09-20 12:03:29.659298+00,2026-09-20 12:04:29.76182+00,2026-09-20 12:04:29.769374+00,
47,F2,A,2026-09-20 12:03:29.66+00,2026-09-20 12:03:34.664738+00,2026-09-20 12:04:34.717957+00,2026-09-20 12:04:34.724571+00,
48,F2,C,2026-09-20 12:05:24.671+00,2026-09-20 12:05:29.673036+00,2026-09-20 12:06:34.712637+00,2026-09-20 12:06:34.719612+00,2026-09-20 12:06:34.72451+00
48,F2,C,2026-09-20 12:07:29.676+00,2026-09-20 12:07:34.661942+00,2026-09-20 12:08:39.79344+00,2026-09-20 12:08:39.803862+00,2026-09-20 12:08:39.80878+00
48,F2,C,2026-09-20 12:09:54.66+00,2026-09-20 12:09:59.667342+00,2026-09-20 12:11:04.769013+00,2026-09-20 12:11:04.778475+00,2026-09-20 12:11:04.78491+00
48,F2,C,2026-09-20 12:11:14.671+00,2026-09-20 12:11:19.673191+00,2026-09-20 12:12:19.729766+00,2026-09-20 12:12:19.73652+00,2026-09-20 12:12:19.740917+00
48,F2,C,2026-09-20 12:12:04.668+00,2026-09-20 12:12:09.668294+00,2026-09-20 12:13:14.71602+00,2026-09-20 12:13:14.722834+00,2026-09-20 12:13:14.727141+00
48,F2,C,2026-09-20 12:14:04.686+00,2026-09-20 12:14:09.66828+00,2026-09-20 12:15:09.77003+00,2026-09-20 12:15:09.776886+00,2026-09-20 12:15:09.781984+00
48,F2,C,2026-09-20 12:15:34.664+00,2026-09-20 12:15:39.662168+00,2026-09-20 12:16:44.756074+00,2026-09-20 12:16:44.763383+00,2026-09-20 12:16:44.768127+00
48,F2,C,2026-09-20 12:17:09.658+00,2026-09-20 12:17:09.681512+00,2026-09-20 12:18:14.759972+00,2026-09-20 12:18:14.768708+00,2026-09-20 12:18:14.773897+00
48,F2,C,2026-09-20 12:18:29.674+00,2026-09-20 12:18:34.66366+00,2026-09-20 12:19:34.799202+00,2026-09-20 12:19:34.80843+00,2026-09-20 12:19:34.813432+00
48,F2,C,2026-09-20 12:21:19.67+00,2026-09-20 12:21:24.66556+00,2026-09-20 12:22:29.758106+00,2026-09-20 12:22:29.764848+00,2026-09-20 12:22:29.76925+00
48,F2,C,2026-09-20 12:21:54.672+00,2026-09-20 12:21:59.661472+00,2026-09-20 12:22:59.758759+00,2026-09-20 12:22:59.766267+00,2026-09-20 12:22:59.770847+00
48,F2,C,2026-09-20 12:22:59.671+00,2026-09-20 12:23:04.659848+00,2026-09-20 12:24:04.723764+00,2026-09-20 12:24:04.734679+00,2026-09-20 12:24:04.740244+00
48,F2,C,2026-09-20 12:24:04.698+00,2026-09-20 12:24:09.671325+00,2026-09-20 12:25:14.728796+00,2026-09-20 12:25:14.737078+00,2026-09-20 12:25:14.741303+00
48,F2,C,2026-09-20 12:24:14.681+00,2026-09-20 12:24:19.668481+00,2026-09-20 12:25:24.762688+00,2026-09-20 12:25:24.769712+00,2026-09-20 12:25:24.773674+00
48,F2,C,2026-09-20 12:25:14.676+00,2026-09-20 12:25:19.660323+00,2026-09-20 12:26:24.72105+00,2026-09-20 12:26:24.728322+00,2026-09-20 12:26:24.73229+00
48,F2,C,2026-09-20 12:26:34.669+00,2026-09-20 12:26:39.673243+00,2026-09-20 12:27:44.711186+00,2026-09-20 12:27:44.717473+00,2026-09-20 12:27:44.721687+00
48,F2,C,2026-09-20 12:27:09.677+00,2026-09-20 12:27:14.658688+00,2026-09-20 12:27:39.80255+00,2026-09-20 12:27:39.80997+00,2026-09-20 12:27:39.814166+00
48,F2,C,2026-09-20 12:27:49.682+00,2026-09-20 12:27:54.667746+00,2026-09-20 12:28:59.756395+00,2026-09-20 12:28:59.763176+00,2026-09-20 12:28:59.767651+00
48,F2,C,2026-09-20 12:28:04.658+00,2026-09-20 12:28:04.679795+00,2026-09-20 12:29:09.705078+00,2026-09-20 12:29:09.725569+00,2026-09-20 12:29:09.730616+00
48,F2,C,2026-09-20 12:29:54.672+00,2026-09-20 12:29:59.663336+00,2026-09-20 12:30:59.77053+00,2026-09-20 12:30:59.779129+00,
48,F2,C,2026-09-20 12:30:04.669+00,2026-09-20 12:30:09.669256+00,2026-09-20 12:31:14.729674+00,2026-09-20 12:31:14.736369+00,
49,F5,A,2026-09-20 12:30:59.666+00,2026-09-20 12:31:04.670714+00,2026-09-20 12:32:09.71891+00,2026-09-20 12:32:09.72665+00,
49,F5,A,2026-09-20 12:31:14.668+00,2026-09-20 12:31:19.666207+00,2026-09-20 12:32:24.706102+00,2026-09-20 12:32:24.713016+00,
49,F5,A,2026-09-20 12:33:39.679+00,2026-09-20 12:33:44.671164+00,2026-09-20 12:34:49.751668+00,2026-09-20 12:34:49.76989+00,
49,F5,A,2026-09-20 12:35:44.671+00,2026-09-20 12:35:49.668625+00,2026-09-20 12:36:54.751813+00,2026-09-20 12:36:54.759015+00,
49,F5,A,2026-09-20 12:36:14.679+00,2026-09-20 12:36:19.673918+00,2026-09-20 12:37:19.716727+00,2026-09-20 12:37:19.725334+00,
49,F5,A,2026-09-20 12:38:19.68+00,2026-09-20 12:38:24.665116+00,2026-09-20 12:39:29.748174+00,2026-09-20 12:39:29.755643+00,
49,F5,A,2026-09-20 12:41:04.658+00,2026-09-20 12:41:04.670632+00,2026-09-20 12:42:09.782646+00,2026-09-20 12:42:09.798871+00,
49,F5,A,2026-09-20 12:41:39.678+00,2026-09-20 12:41:44.68055+00,2026-09-20 12:42:49.728837+00,2026-09-20 12:42:49.737622+00,
49,F5,A,2026-09-20 12:42:09.68+00,2026-09-20 12:42:14.666506+00,2026-09-20 12:43:19.716578+00,2026-09-20 12:43:19.723824+00,
49,F5,A,2026-09-20 12:46:14.658+00,2026-09-20 12:46:14.674065+00,2026-09-20 12:47:19.708269+00,2026-09-20 12:47:19.71603+00,
49,F5,A,2026-09-20 12:46:39.681+00,2026-09-20 12:46:44.671921+00,2026-09-20 12:46:49.753369+00,2026-09-20 12:46:49.761647+00,
49,F5,A,2026-09-20 12:47:19.681+00,2026-09-20 12:47:24.674587+00,2026-09-20 12:48:29.719985+00,2026-09-20 12:48:29.726874+00,
49,F5,A,2026-09-20 12:48:04.663+00,2026-09-20 12:48:04.674027+00,2026-09-20 12:49:09.739646+00,2026-09-20 12:49:09.749354+00,
49,F5,A,2026-09-20 12:49:09.669+00,2026-09-20 12:49:14.670373+00,2026-09-20 12:50:19.744393+00,2026-09-20 12:50:19.753139+00,
49,F5,A,2026-09-20 12:49:19.68+00,2026-09-20 12:49:24.664625+00,2026-09-20 12:50:24.736363+00,2026-09-20 12:50:24.746162+00,
49,F5,A,2026-09-20 12:50:19.669+00,2026-09-20 12:50:24.671199+00,2026-09-20 12:51:29.721537+00,2026-09-20 12:51:29.742096+00,
49,F5,A,2026-09-20 12:50:39.679+00,2026-09-20 12:50:44.666239+00,2026-09-20 12:51:49.723453+00,2026-09-20 12:51:49.731638+00,
49,F5,A,2026-09-20 12:53:14.67+00,2026-09-20 12:53:19.668583+00,2026-09-20 12:54:24.773932+00,2026-09-20 12:54:24.785629+00,
49,F5,A,2026-09-20 12:53:24.668+00,2026-09-20 12:53:24.67426+00,2026-09-20 12:54:29.72092+00,2026-09-20 12:54:29.727708+00,
49,F5,A,2026-09-20 12:54:29.67+00,2026-09-20 12:54:34.659601+00,2026-09-20 12:55:34.717074+00,2026-09-20 12:55:34.72456+00,
50,F5,B,2026-09-20 13:01:24.664+00,2026-09-20 13:01:29.670272+00,2026-09-20 13:02:29.760521+00,2026-09-20 13:02:37.874629+00,2026-09-20 13:02:37.881154+00
50,F5,B,2026-09-20 13:01:44.681+00,2026-09-20 13:01:49.672231+00,2026-09-20 13:02:54.717099+00,2026-09-20 13:03:00.158788+00,2026-09-20 13:03:00.163978+00
50,F5,B,2026-09-20 13:03:14.685+00,2026-09-20 13:03:19.6671+00,2026-09-20 13:04:24.727136+00,2026-09-20 13:04:31.944165+00,2026-09-20 13:04:31.949675+00
50,F5,B,2026-09-20 13:07:09.689+00,2026-09-20 13:07:14.669482+00,2026-09-20 13:08:19.767448+00,2026-09-20 13:08:25.860874+00,2026-09-20 13:08:25.868938+00
50,F5,B,2026-09-20 13:07:54.666+00,2026-09-20 13:07:59.671381+00,2026-09-20 13:09:04.728143+00,2026-09-20 13:09:11.535995+00,2026-09-20 13:09:11.541513+00
50,F5,B,2026-09-20 13:08:04.675+00,2026-09-20 13:08:09.674342+00,2026-09-20 13:09:14.761054+00,2026-09-20 13:09:20.578107+00,2026-09-20 13:09:20.816299+00
50,F5,B,2026-09-20 13:10:49.66+00,2026-09-20 13:10:49.674097+00,2026-09-20 13:11:54.767052+00,2026-09-20 13:12:01.7108+00,2026-09-20 13:12:01.716228+00
50,F5,B,2026-09-20 13:12:39.67+00,2026-09-20 13:12:44.672058+00,2026-09-20 13:13:49.753052+00,2026-09-20 13:14:02.956939+00,2026-09-20 13:14:02.96617+00
50,F5,B,2026-09-20 13:12:54.66+00,2026-09-20 13:12:59.665963+00,2026-09-20 13:14:04.72173+00,2026-09-20 13:14:10.615297+00,2026-09-20 13:14:10.620868+00
50,F5,B,2026-09-20 13:15:04.678+00,2026-09-20 13:15:09.679997+00,2026-09-20 13:16:14.763236+00,2026-09-20 13:16:21.84102+00,2026-09-20 13:16:21.846802+00
50,F5,B,2026-09-20 13:17:19.664+00,2026-09-20 13:17:19.670937+00,2026-09-20 13:18:24.769182+00,2026-09-20 13:18:34.734364+00,2026-09-20 13:18:34.739598+00
50,F5,B,2026-09-20 13:18:39.675+00,2026-09-20 13:18:44.662781+00,2026-09-20 13:19:49.755623+00,2026-09-20 13:19:55.715981+00,2026-09-20 13:19:55.721626+00
50,F5,B,2026-09-20 13:20:14.669+00,2026-09-20 13:20:19.672138+00,2026-09-20 13:21:19.792492+00,2026-09-20 13:21:29.686984+00,2026-09-20 13:21:29.69624+00
50,F5,B,2026-09-20 13:21:44.669+00,2026-09-20 13:21:49.668623+00,2026-09-20 13:22:49.787172+00,2026-09-20 13:22:57.181637+00,2026-09-20 13:22:57.195817+00
50,F5,B,2026-09-20 13:21:44.678+00,2026-09-20 13:21:49.681506+00,2026-09-20 13:22:29.733186+00,2026-09-20 13:22:37.10894+00,2026-09-20 13:22:37.116238+00
51,F5,C,2026-09-20 13:28:14.666+00,2026-09-20 13:28:19.664082+00,2026-09-20 13:29:24.773112+00,2026-09-20 13:29:24.787253+00,2026-09-20 13:29:24.797037+00
51,F5,C,2026-09-20 13:28:19.675+00,2026-09-20 13:28:24.66721+00,2026-09-20 13:29:29.726504+00,2026-09-20 13:29:29.737513+00,2026-09-20 13:29:29.743859+00
51,F5,C,2026-09-20 13:28:34.686+00,2026-09-20 13:28:39.670189+00,2026-09-20 13:29:44.724733+00,2026-09-20 13:29:44.733377+00,2026-09-20 13:29:44.739119+00
51,F5,C,2026-09-20 13:31:44.691+00,2026-09-20 13:31:49.673669+00,2026-09-20 13:32:39.784368+00,2026-09-20 13:32:39.794549+00,2026-09-20 13:32:39.801576+00
51,F5,C,2026-09-20 13:33:24.677+00,2026-09-20 13:33:29.672769+00,2026-09-20 13:34:34.770415+00,2026-09-20 13:34:34.781936+00,2026-09-20 13:34:34.789214+00
51,F5,C,2026-09-20 13:33:39.626+00,2026-09-20 13:33:39.681032+00,2026-09-20 13:34:44.716724+00,2026-09-20 13:34:44.724161+00,2026-09-20 13:34:44.731279+00
51,F5,C,2026-09-20 13:36:44.659+00,2026-09-20 13:36:44.673288+00,2026-09-20 13:37:49.778018+00,2026-09-20 13:37:49.785826+00,2026-09-20 13:37:49.790571+00
51,F5,C,2026-09-20 13:38:49.661+00,2026-09-20 13:38:54.659642+00,2026-09-20 13:39:59.764846+00,2026-09-20 13:39:59.775479+00,2026-09-20 13:39:59.781285+00
51,F5,C,2026-09-20 13:39:24.669+00,2026-09-20 13:39:24.674191+00,2026-09-20 13:40:29.776704+00,2026-09-20 13:40:29.786539+00,2026-09-20 13:40:29.79122+00
51,F5,C,2026-09-20 13:40:54.68+00,2026-09-20 13:40:59.661932+00,2026-09-20 13:41:59.826492+00,2026-09-20 13:41:59.833739+00,2026-09-20 13:41:59.839572+00
51,F5,C,2026-09-20 13:40:59.667+00,2026-09-20 13:41:04.669777+00,2026-09-20 13:42:04.737553+00,2026-09-20 13:42:04.748129+00,2026-09-20 13:42:04.752821+00
51,F5,C,2026-09-20 13:42:09.664+00,2026-09-20 13:42:14.674855+00,2026-09-20 13:43:19.778618+00,2026-09-20 13:43:19.787204+00,2026-09-20 13:43:19.792555+00
51,F5,C,2026-09-20 13:43:24.679+00,2026-09-20 13:43:29.669302+00,2026-09-20 13:44:34.793319+00,2026-09-20 13:44:34.812209+00,2026-09-20 13:44:34.816973+00
51,F5,C,2026-09-20 13:44:39.667+00,2026-09-20 13:44:44.658686+00,2026-09-20 13:45:44.726709+00,2026-09-20 13:45:44.734104+00,2026-09-20 13:45:44.739161+00
51,F5,C,2026-09-20 13:45:09.686+00,2026-09-20 13:45:14.675184+00,2026-09-20 13:46:19.726715+00,2026-09-20 13:46:19.738288+00,2026-09-20 13:46:19.742396+00
51,F5,C,2026-09-20 13:45:44.667+00,2026-09-20 13:45:49.660688+00,2026-09-20 13:46:49.719483+00,2026-09-20 13:46:49.731065+00,2026-09-20 13:46:49.73585+00
51,F5,C,2026-09-20 13:46:19.682+00,2026-09-20 13:46:24.682312+00,2026-09-20 13:47:29.753188+00,2026-09-20 13:47:29.762087+00,2026-09-20 13:47:29.76683+00
51,F5,C,2026-09-20 13:46:49.667+00,2026-09-20 13:46:54.661849+00,2026-09-20 13:47:54.726757+00,2026-09-20 13:47:54.73655+00,2026-09-20 13:47:54.741504+00
51,F5,C,2026-09-20 13:48:19.674+00,2026-09-20 13:48:24.665418+00,2026-09-20 13:49:14.761663+00,2026-09-20 13:49:14.769979+00,2026-09-20 13:49:14.775085+00
52,F1,C,2026-09-20 13:49:34.665+00,2026-09-20 13:49:39.686949+00,2026-09-20 13:50:44.812489+00,2026-09-20 13:50:44.819365+00,2026-09-20 13:50:44.825041+00
52,F1,C,2026-09-20 13:53:49.685+00,2026-09-20 13:53:54.663259+00,2026-09-20 13:54:54.773459+00,2026-09-20 13:54:54.783174+00,2026-09-20 13:54:54.788984+00
52,F1,C,2026-09-20 13:54:39.666+00,2026-09-20 13:54:44.673242+00,2026-09-20 13:55:04.758098+00,2026-09-20 13:55:04.765914+00,2026-09-20 13:55:04.770287+00
52,F1,C,2026-09-20 13:55:24.692+00,2026-09-20 13:55:29.661591+00,2026-09-20 13:56:04.737825+00,2026-09-20 13:56:04.747277+00,2026-09-20 13:56:04.751732+00
52,F1,C,2026-09-20 13:57:09.698+00,2026-09-20 13:57:14.670109+00,2026-09-20 13:57:34.791944+00,2026-09-20 13:57:34.802507+00,2026-09-20 13:57:34.807699+00
52,F1,C,2026-09-20 14:00:14.665+00,2026-09-20 14:00:19.671564+00,2026-09-20 14:01:24.749899+00,2026-09-20 14:01:24.780793+00,2026-09-20 14:01:24.788939+00
52,F1,C,2026-09-20 14:00:34.687+00,2026-09-20 14:00:39.67939+00,2026-09-20 14:00:39.842654+00,2026-09-20 14:00:39.853971+00,2026-09-20 14:00:39.860789+00
52,F1,C,2026-09-20 14:00:39.678+00,2026-09-20 14:00:44.678763+00,2026-09-20 14:01:49.761702+00,2026-09-20 14:01:49.772526+00,2026-09-20 14:01:49.779255+00
52,F1,C,2026-09-20 14:03:49.664+00,2026-09-20 14:03:54.662483+00,2026-09-20 14:04:54.757902+00,2026-09-20 14:04:54.764969+00,2026-09-20 14:04:54.769659+00
52,F1,C,2026-09-20 14:03:59.679+00,2026-09-20 14:04:04.67474+00,2026-09-20 14:05:09.744555+00,2026-09-20 14:05:09.751897+00,2026-09-20 14:05:09.757806+00
52,F1,C,2026-09-20 14:05:44.679+00,2026-09-20 14:05:49.664917+00,2026-09-20 14:06:54.807278+00,2026-09-20 14:06:54.816531+00,2026-09-20 14:06:54.821986+00
52,F1,C,2026-09-20 14:08:14.678+00,2026-09-20 14:08:19.666199+00,2026-09-20 14:08:44.752741+00,2026-09-20 14:08:44.760386+00,2026-09-20 14:08:44.766041+00
52,F1,C,2026-09-20 14:08:49.671+00,2026-09-20 14:08:54.661377+00,2026-09-20 14:09:59.722499+00,2026-09-20 14:09:59.7316+00,2026-09-20 14:09:59.737207+00
52,F1,C,2026-09-20 14:10:39.68+00,2026-09-20 14:10:44.66313+00,2026-09-20 14:11:44.805527+00,2026-09-20 14:11:44.816036+00,2026-09-20 14:11:44.82224+00
52,F1,C,2026-09-20 14:11:44.677+00,2026-09-20 14:11:49.669724+00,2026-09-20 14:12:54.770009+00,2026-09-20 14:12:54.779394+00,2026-09-20 14:12:54.78382+00
53,F1,B,2026-09-20 14:16:44.687+00,2026-09-20 14:16:49.66713+00,2026-09-20 14:17:54.759559+00,2026-09-20 14:18:01.324366+00,2026-09-20 14:18:01.331701+00
53,F1,B,2026-09-20 14:19:49.671+00,2026-09-20 14:19:54.67819+00,2026-09-20 14:20:59.753767+00,2026-09-20 14:21:08.59591+00,2026-09-20 14:21:08.601336+00
53,F1,B,2026-09-20 14:22:39.661+00,2026-09-20 14:22:44.672146+00,2026-09-20 14:23:49.721047+00,2026-09-20 14:23:56.336636+00,2026-09-20 14:23:56.344525+00
53,F1,B,2026-09-20 14:23:14.68+00,2026-09-20 14:23:19.671217+00,2026-09-20 14:24:24.715439+00,2026-09-20 14:24:29.834038+00,2026-09-20 14:24:29.840866+00
53,F1,B,2026-09-20 14:24:59.666+00,2026-09-20 14:25:04.660853+00,2026-09-20 14:26:09.773641+00,2026-09-20 14:26:17.983075+00,2026-09-20 14:26:17.989489+00
53,F1,B,2026-09-20 14:25:24.676+00,2026-09-20 14:25:29.673193+00,2026-09-20 14:26:15.514393+00,2026-09-20 14:26:23.820076+00,2026-09-20 14:26:23.827274+00
53,F1,B,2026-09-20 14:25:44.68+00,2026-09-20 14:25:49.669199+00,2026-09-20 14:26:39.740231+00,2026-09-20 14:26:46.665047+00,2026-09-20 14:26:46.675997+00
53,F1,B,2026-09-20 14:26:39.673+00,2026-09-20 14:26:44.670481+00,2026-09-20 14:27:49.754005+00,2026-09-20 14:27:56.274491+00,2026-09-20 14:27:56.281136+00
53,F1,B,2026-09-20 14:29:24.673+00,2026-09-20 14:29:29.667517+00,2026-09-20 14:30:29.819457+00,2026-09-20 14:30:35.657562+00,2026-09-20 14:30:35.665263+00
53,F1,B,2026-09-20 14:29:59.659+00,2026-09-20 14:29:59.674983+00,2026-09-20 14:31:04.777075+00,2026-09-20 14:31:11.541519+00,2026-09-20 14:31:11.547504+00
53,F1,B,2026-09-20 14:31:39.661+00,2026-09-20 14:31:44.674439+00,2026-09-20 14:32:49.763936+00,2026-09-20 14:32:55.411058+00,2026-09-20 14:32:55.421071+00
53,F1,B,2026-09-20 14:32:54.669+00,2026-09-20 14:32:59.67157+00,2026-09-20 14:33:59.736738+00,2026-09-20 14:34:04.627662+00,2026-09-20 14:34:04.639413+00
53,F1,B,2026-09-20 14:33:44.676+00,2026-09-20 14:33:49.671576+00,2026-09-20 14:34:54.711207+00,2026-09-20 14:35:05.468647+00,2026-09-20 14:35:05.477344+00
53,F1,B,2026-09-20 14:34:59.671+00,2026-09-20 14:35:04.667181+00,2026-09-20 14:35:59.777234+00,2026-09-20 14:36:08.212656+00,2026-09-20 14:36:08.243561+00
53,F1,B,2026-09-20 14:35:14.691+00,2026-09-20 14:35:19.683705+00,2026-09-20 14:36:24.747811+00,2026-09-20 14:36:29.814562+00,2026-09-20 14:36:29.824075+00
53,F1,B,2026-09-20 14:35:29.658+00,2026-09-20 14:35:29.690316+00,2026-09-20 14:36:34.779515+00,2026-09-20 14:36:38.597532+00,2026-09-20 14:36:38.604701+00
53,F1,B,2026-09-20 14:38:09.66+00,2026-09-20 14:38:14.672024+00,2026-09-20 14:39:19.816762+00,2026-09-20 14:39:26.432576+00,2026-09-20 14:39:26.440298+00
53,F1,B,2026-09-20 14:38:49.691+00,2026-09-20 14:38:54.674066+00,2026-09-20 14:39:59.724926+00,2026-09-20 14:40:06.541643+00,2026-09-20 14:40:06.549139+00
53,F1,B,2026-09-20 14:40:09.684+00,2026-09-20 14:40:14.660246+00,2026-09-20 14:41:19.763749+00,2026-09-20 14:41:30.235097+00,2026-09-20 14:41:30.240699+00
54,F1,A,2026-09-20 14:42:49.672+00,2026-09-20 14:42:54.680845+00,2026-09-20 14:43:59.721354+00,2026-09-20 14:43:59.732677+00,
54,F1,A,2026-09-20 14:45:59.66+00,2026-09-20 14:46:04.674966+00,2026-09-20 14:47:09.760019+00,2026-09-20 14:47:09.767843+00,
54,F1,A,2026-09-20 14:46:49.668+00,2026-09-20 14:46:54.673397+00,2026-09-20 14:47:54.737125+00,2026-09-20 14:47:54.745237+00,
54,F1,A,2026-09-20 14:48:34.672+00,2026-09-20 14:48:39.669534+00,2026-09-20 14:48:54.725989+00,2026-09-20 14:48:54.73906+00,
54,F1,A,2026-09-20 14:50:04.673+00,2026-09-20 14:50:09.662283+00,2026-09-20 14:51:14.784291+00,2026-09-20 14:51:14.793133+00,
54,F1,A,2026-09-20 14:50:29.68+00,2026-09-20 14:50:34.673079+00,2026-09-20 14:51:34.760936+00,2026-09-20 14:51:34.77687+00,
54,F1,A,2026-09-20 14:51:29.67+00,2026-09-20 14:51:34.672137+00,2026-09-20 14:52:39.72196+00,2026-09-20 14:52:39.73041+00,
54,F1,A,2026-09-20 14:53:54.67+00,2026-09-20 14:53:59.675063+00,2026-09-20 14:55:04.760929+00,2026-09-20 14:55:04.770973+00,
54,F1,A,2026-09-20 14:55:29.678+00,2026-09-20 14:55:34.671368+00,2026-09-20 14:56:34.796241+00,2026-09-20 14:56:34.804097+00,
54,F1,A,2026-09-20 14:55:44.667+00,2026-09-20 14:55:49.672415+00,2026-09-20 14:56:54.710631+00,2026-09-20 14:56:54.721413+00,
54,F1,A,2026-09-20 14:55:59.68+00,2026-09-20 14:56:04.665352+00,2026-09-20 14:56:34.84993+00,2026-09-20 14:56:34.858557+00,
54,F1,A,2026-09-20 14:56:34.688+00,2026-09-20 14:56:39.671829+00,2026-09-20 14:57:44.728539+00,2026-09-20 14:57:44.741586+00,
54,F1,A,2026-09-20 15:00:54.682+00,2026-09-20 15:00:59.664724+00,2026-09-20 15:02:05.149494+00,2026-09-20 15:02:05.658509+00,
54,F1,A,2026-09-20 15:01:34.659+00,2026-09-20 15:01:34.673934+00,2026-09-20 15:02:39.713123+00,2026-09-20 15:02:39.722388+00,
54,F1,A,2026-09-20 15:02:04.679+00,2026-09-20 15:02:09.660268+00,2026-09-20 15:03:14.717988+00,2026-09-20 15:03:14.72855+00,
54,F1,A,2026-09-20 15:04:04.672+00,2026-09-20 15:04:09.662129+00,2026-09-20 15:05:14.751085+00,2026-09-20 15:05:14.759295+00,
55,F3,B,2026-09-20 15:09:54.681+00,2026-09-20 15:09:59.672459+00,2026-09-20 15:11:04.776004+00,2026-09-20 15:11:09.530214+00,2026-09-20 15:11:09.536461+00
55,F3,B,2026-09-20 15:12:44.672+00,2026-09-20 15:12:49.661477+00,2026-09-20 15:13:49.783036+00,2026-09-20 15:14:07.668632+00,2026-09-20 15:14:07.678597+00
55,F3,B,2026-09-20 15:13:39.683+00,2026-09-20 15:13:44.672896+00,2026-09-20 15:14:44.740187+00,2026-09-20 15:14:49.332408+00,2026-09-20 15:14:49.339747+00
55,F3,B,2026-09-20 15:14:09.685+00,2026-09-20 15:14:14.661343+00,2026-09-20 15:15:04.716086+00,2026-09-20 15:15:11.50544+00,2026-09-20 15:15:11.511779+00
55,F3,B,2026-09-20 15:19:14.665+00,2026-09-20 15:19:19.670561+00,2026-09-20 15:20:24.833639+00,2026-09-20 15:20:33.162258+00,2026-09-20 15:20:33.170055+00
55,F3,B,2026-09-20 15:23:59.668+00,2026-09-20 15:24:04.671621+00,2026-09-20 15:25:09.801682+00,2026-09-20 15:25:26.800083+00,2026-09-20 15:25:26.81044+00
55,F3,B,2026-09-20 15:26:24.68+00,2026-09-20 15:26:29.664228+00,2026-09-20 15:27:34.734809+00,2026-09-20 15:27:41.805263+00,2026-09-20 15:27:41.812465+00
55,F3,B,2026-09-20 15:28:29.665+00,2026-09-20 15:28:34.668826+00,2026-09-20 15:29:39.805836+00,2026-09-20 15:29:48.128274+00,2026-09-20 15:29:48.134123+00
55,F3,B,2026-09-20 15:32:14.669+00,2026-09-20 15:32:19.661369+00,2026-09-20 15:33:19.79593+00,2026-09-20 15:33:26.843312+00,2026-09-20 15:33:26.851369+00
55,F3,B,2026-09-20 15:33:29.667+00,2026-09-20 15:33:29.67451+00,2026-09-20 15:34:34.722869+00,2026-09-20 15:34:40.594283+00,2026-09-20 15:34:40.60185+00
56,F3,C,2026-09-20 15:38:29.679+00,2026-09-20 15:38:34.662518+00,2026-09-20 15:39:39.765667+00,2026-09-20 15:39:39.779354+00,2026-09-20 15:39:39.787181+00
56,F3,C,2026-09-20 15:39:04.664+00,2026-09-20 15:39:09.665195+00,2026-09-20 15:40:14.713453+00,2026-09-20 15:40:14.724897+00,2026-09-20 15:40:14.73117+00
56,F3,C,2026-09-20 15:41:09.672+00,2026-09-20 15:41:14.660934+00,2026-09-20 15:42:14.744021+00,2026-09-20 15:42:14.754595+00,2026-09-20 15:42:14.762486+00
56,F3,C,2026-09-20 15:41:24.681+00,2026-09-20 15:41:29.660382+00,2026-09-20 15:42:14.815382+00,2026-09-20 15:42:14.827213+00,2026-09-20 15:42:14.834473+00
56,F3,C,2026-09-20 15:42:09.682+00,2026-09-20 15:42:14.674511+00,2026-09-20 15:43:19.71504+00,2026-09-20 15:43:19.723122+00,2026-09-20 15:43:19.729085+00
56,F3,C,2026-09-20 15:42:39.667+00,2026-09-20 15:42:44.658779+00,2026-09-20 15:43:44.717357+00,2026-09-20 15:43:44.738566+00,2026-09-20 15:43:44.744148+00
56,F3,C,2026-09-20 15:44:19.674+00,2026-09-20 15:44:24.668504+00,2026-09-20 15:45:29.758918+00,2026-09-20 15:45:29.767667+00,2026-09-20 15:45:29.772273+00
56,F3,C,2026-09-20 15:48:19.675+00,2026-09-20 15:48:24.665213+00,2026-09-20 15:49:24.794028+00,2026-09-20 15:49:24.804316+00,2026-09-20 15:49:24.810224+00
56,F3,C,2026-09-20 15:49:14.674+00,2026-09-20 15:49:19.662627+00,2026-09-20 15:50:24.719423+00,2026-09-20 15:50:24.728418+00,2026-09-20 15:50:24.733959+00
56,F3,C,2026-09-20 15:51:14.669+00,2026-09-20 15:51:19.659928+00,2026-09-20 15:52:19.769358+00,2026-09-20 15:52:19.778226+00,2026-09-20 15:52:19.785336+00
56,F3,C,2026-09-20 15:52:14.671+00,2026-09-20 15:52:19.661536+00,2026-09-20 15:53:19.721451+00,2026-09-20 15:53:19.729209+00,2026-09-20 15:53:19.735753+00
56,F3,C,2026-09-20 15:53:39.67+00,2026-09-20 15:53:44.662885+00,2026-09-20 15:54:49.758692+00,2026-09-20 15:54:49.77029+00,2026-09-20 15:54:49.776402+00
56,F3,C,2026-09-20 15:54:54.674+00,2026-09-20 15:54:59.663304+00,2026-09-20 15:56:04.801168+00,2026-09-20 15:56:04.811129+00,2026-09-20 15:56:04.81539+00
56,F3,C,2026-09-20 15:55:04.673+00,2026-09-20 15:55:09.659061+00,2026-09-20 15:56:14.7221+00,2026-09-20 15:56:14.730665+00,2026-09-20 15:56:14.734814+00
56,F3,C,2026-09-20 15:56:39.692+00,2026-09-20 15:56:44.673447+00,2026-09-20 15:57:49.760942+00,2026-09-20 15:57:49.768389+00,2026-09-20 15:57:49.773165+00
56,F3,C,2026-09-20 15:56:59.674+00,2026-09-20 15:57:04.673997+00,2026-09-20 15:58:09.717585+00,2026-09-20 15:58:09.725908+00,2026-09-20 15:58:09.730466+00
56,F3,C,2026-09-20 16:00:14.677+00,2026-09-20 16:00:19.659986+00,2026-09-20 16:00:29.7631+00,2026-09-20 16:00:29.773707+00,2026-09-20 16:00:29.779641+00
56,F3,C,2026-09-20 16:00:29.673+00,2026-09-20 16:00:34.672517+00,2026-09-20 16:01:39.748029+00,2026-09-20 16:01:39.756806+00,2026-09-20 16:01:39.761974+00
57,F3,A,2026-09-20 16:05:14.673+00,2026-09-20 16:05:19.668304+00,2026-09-20 16:06:19.759745+00,2026-09-20 16:06:19.769778+00,
57,F3,A,2026-09-20 16:06:24.658+00,2026-09-20 16:06:24.671994+00,2026-09-20 16:07:24.734716+00,2026-09-20 16:07:24.743544+00,
57,F3,A,2026-09-20 16:07:14.679+00,2026-09-20 16:07:19.668901+00,2026-09-20 16:08:04.715032+00,2026-09-20 16:08:04.724771+00,
57,F3,A,2026-09-20 16:07:24.674+00,2026-09-20 16:07:29.66397+00,2026-09-20 16:08:34.714931+00,2026-09-20 16:08:34.726054+00,
57,F3,A,2026-09-20 16:08:39.676+00,2026-09-20 16:08:44.661675+00,2026-09-20 16:09:44.763111+00,2026-09-20 16:09:44.770644+00,
57,F3,A,2026-09-20 16:09:04.666+00,2026-09-20 16:09:09.662739+00,2026-09-20 16:10:14.729677+00,2026-09-20 16:10:14.738235+00,
57,F3,A,2026-09-20 16:09:14.678+00,2026-09-20 16:09:19.661979+00,2026-09-20 16:10:24.732148+00,2026-09-20 16:10:24.743998+00,
57,F3,A,2026-09-20 16:10:14.668+00,2026-09-20 16:10:14.674736+00,2026-09-20 16:11:19.714491+00,2026-09-20 16:11:19.723978+00,
57,F3,A,2026-09-20 16:11:34.658+00,2026-09-20 16:11:34.670655+00,2026-09-20 16:12:39.757377+00,2026-09-20 16:12:39.764783+00,
57,F3,A,2026-09-20 16:13:19.666+00,2026-09-20 16:13:24.669374+00,2026-09-20 16:14:24.763374+00,2026-09-20 16:14:24.771127+00,
57,F3,A,2026-09-20 16:13:49.682+00,2026-09-20 16:13:54.662746+00,2026-09-20 16:14:54.722231+00,2026-09-20 16:14:54.730446+00,
57,F3,A,2026-09-20 16:16:19.682+00,2026-09-20 16:16:24.661457+00,2026-09-20 16:17:29.753992+00,2026-09-20 16:17:29.762858+00,
57,F3,A,2026-09-20 16:16:34.666+00,2026-09-20 16:16:39.662977+00,2026-09-20 16:17:44.73623+00,2026-09-20 16:17:44.745463+00,
57,F3,A,2026-09-20 16:18:14.671+00,2026-09-20 16:18:19.66883+00,2026-09-20 16:19:24.76897+00,2026-09-20 16:19:24.777587+00,
57,F3,A,2026-09-20 16:19:04.662+00,2026-09-20 16:19:04.674194+00,2026-09-20 16:20:09.712747+00,2026-09-20 16:20:09.721832+00,
57,F3,A,2026-09-20 16:19:39.681+00,2026-09-20 16:19:44.664525+00,2026-09-20 16:20:49.726828+00,2026-09-20 16:20:49.737448+00,
57,F3,A,2026-09-20 16:21:39.673+00,2026-09-20 16:21:44.661542+00,2026-09-20 16:22:49.806478+00,2026-09-20 16:22:49.818226+00,
57,F3,A,2026-09-20 16:22:54.667+00,2026-09-20 16:22:59.666392+00,2026-09-20 16:24:04.719523+00,2026-09-20 16:24:04.728763+00,
57,F3,A,2026-09-20 16:24:04.673+00,2026-09-20 16:24:09.670046+00,2026-09-20 16:25:14.770814+00,2026-09-20 16:25:14.779754+00,
57,F3,A,2026-09-20 16:24:54.676+00,2026-09-20 16:24:59.659934+00,2026-09-20 16:26:04.713393+00,2026-09-20 16:26:04.722361+00,
57,F3,A,2026-09-20 16:26:49.688+00,2026-09-20 16:26:54.664039+00,2026-09-20 16:27:59.775014+00,2026-09-20 16:28:08.15571+00,2026-09-20 16:28:08.162819+00
58,F5,B,2026-09-20 16:27:59.691+00,2026-09-20 16:28:04.670361+00,2026-09-20 16:29:09.716934+00,2026-09-20 16:29:13.293025+00,2026-09-20 16:29:13.298058+00
58,F5,B,2026-09-20 16:28:44.669+00,2026-09-20 16:28:44.675043+00,2026-09-20 16:28:54.717374+00,2026-09-20 16:28:58.763322+00,2026-09-20 16:28:58.76828+00
58,F5,B,2026-09-20 16:30:59.672+00,2026-09-20 16:31:04.669111+00,2026-09-20 16:32:09.810179+00,2026-09-20 16:32:16.521918+00,2026-09-20 16:32:16.528477+00
58,F5,B,2026-09-20 16:32:14.661+00,2026-09-20 16:32:19.672644+00,2026-09-20 16:33:24.718904+00,2026-09-20 16:33:30.172044+00,2026-09-20 16:33:30.178167+00
58,F5,B,2026-09-20 16:32:59.684+00,2026-09-20 16:33:04.674987+00,2026-09-20 16:33:59.707497+00,2026-09-20 16:34:08.504284+00,2026-09-20 16:34:08.509388+00
58,F5,B,2026-09-20 16:35:14.668+00,2026-09-20 16:35:19.668124+00,2026-09-20 16:36:24.793147+00,2026-09-20 16:36:32.21987+00,2026-09-20 16:36:32.225662+00
58,F5,B,2026-09-20 16:37:44.66+00,2026-09-20 16:37:49.661734+00,2026-09-20 16:38:54.808283+00,2026-09-20 16:39:04.127074+00,2026-09-20 16:39:04.134734+00
58,F5,B,2026-09-20 16:40:44.668+00,2026-09-20 16:40:49.660088+00,2026-09-20 16:41:34.81082+00,2026-09-20 16:41:41.316052+00,2026-09-20 16:41:41.322734+00
58,F5,B,2026-09-20 16:42:54.66+00,2026-09-20 16:42:59.668097+00,2026-09-20 16:44:04.809704+00,2026-09-20 16:44:13.689183+00,2026-09-20 16:44:13.696244+00
58,F5,B,2026-09-20 16:42:54.669+00,2026-09-20 16:42:59.687288+00,2026-09-20 16:44:04.901905+00,2026-09-20 16:44:18.566746+00,2026-09-20 16:44:18.576231+00
58,F5,B,2026-09-20 16:46:49.681+00,2026-09-20 16:46:54.667343+00,2026-09-20 16:47:59.77009+00,2026-09-20 16:48:06.602209+00,2026-09-20 16:48:06.622219+00
58,F5,B,2026-09-20 16:47:24.671+00,2026-09-20 16:47:29.671445+00,2026-09-20 16:48:34.758305+00,2026-09-20 16:48:38.555362+00,2026-09-20 16:48:38.562285+00
58,F5,B,2026-09-20 16:48:49.665+00,2026-09-20 16:48:54.669596+00,2026-09-20 16:49:59.797741+00,2026-09-20 16:50:06.312996+00,2026-09-20 16:50:06.319484+00
58,F5,B,2026-09-20 16:51:09.672+00,2026-09-20 16:51:14.663103+00,2026-09-20 16:52:19.721475+00,2026-09-20 16:52:27.548962+00,2026-09-20 16:52:27.555166+00
58,F5,B,2026-09-20 16:51:19.672+00,2026-09-20 16:51:24.666938+00,2026-09-20 16:51:49.812091+00,2026-09-20 16:51:56.333121+00,2026-09-20 16:51:56.338546+00
59,F5,A,2026-09-20 16:57:59.667+00,2026-09-20 16:58:04.663465+00,2026-09-20 16:59:09.755926+00,2026-09-20 16:59:09.767121+00,
59,F5,A,2026-09-20 16:59:09.665+00,2026-09-20 16:59:14.668681+00,2026-09-20 17:00:14.852022+00,2026-09-20 17:00:14.910331+00,
59,F5,A,2026-09-20 16:59:24.688+00,2026-09-20 16:59:29.680081+00,2026-09-20 17:00:34.727216+00,2026-09-20 17:00:34.736269+00,
59,F5,A,2026-09-20 17:00:04.678+00,2026-09-20 17:00:09.669415+00,2026-09-20 17:01:14.720281+00,2026-09-20 17:01:14.729194+00,
59,F5,A,2026-09-20 17:05:04.668+00,2026-09-20 17:05:04.69233+00,2026-09-20 17:06:09.761489+00,2026-09-20 17:06:09.771109+00,
59,F5,A,2026-09-20 17:05:14.663+00,2026-09-20 17:05:19.673012+00,2026-09-20 17:06:24.728884+00,2026-09-20 17:06:24.743078+00,
59,F5,A,2026-09-20 17:08:14.669+00,2026-09-20 17:08:19.666982+00,2026-09-20 17:09:24.749736+00,2026-09-20 17:09:24.758044+00,
59,F5,A,2026-09-20 17:08:29.671+00,2026-09-20 17:08:34.66649+00,2026-09-20 17:09:39.708003+00,2026-09-20 17:09:39.717254+00,
59,F5,A,2026-09-20 17:10:29.669+00,2026-09-20 17:10:34.66767+00,2026-09-20 17:11:39.755756+00,2026-09-20 17:11:39.766244+00,
59,F5,A,2026-09-20 17:12:24.666+00,2026-09-20 17:12:24.670734+00,2026-09-20 17:13:29.757645+00,2026-09-20 17:13:29.765412+00,
59,F5,A,2026-09-20 17:12:49.676+00,2026-09-20 17:12:54.66114+00,2026-09-20 17:13:59.722658+00,2026-09-20 17:13:59.730296+00,
59,F5,A,2026-09-20 17:13:29.666+00,2026-09-20 17:13:34.666517+00,2026-09-20 17:14:39.719584+00,2026-09-20 17:14:39.729609+00,
59,F5,A,2026-09-20 17:14:59.669+00,2026-09-20 17:15:04.66983+00,2026-09-20 17:16:09.784444+00,2026-09-20 17:16:09.796634+00,
59,F5,A,2026-09-20 17:16:04.666+00,2026-09-20 17:16:09.672909+00,2026-09-20 17:17:14.723965+00,2026-09-20 17:17:14.733229+00,
59,F5,A,2026-09-20 17:17:54.682+00,2026-09-20 17:17:59.669742+00,2026-09-20 17:19:04.768151+00,2026-09-20 17:19:04.777321+00,
59,F5,A,2026-09-20 17:17:59.679+00,2026-09-20 17:18:04.681549+00,2026-09-20 17:19:09.724198+00,2026-09-20 17:19:09.731817+00,
59,F5,A,2026-09-20 17:19:04.66+00,2026-09-20 17:19:09.665998+00,2026-09-20 17:20:14.720287+00,2026-09-20 17:20:14.730042+00,
60,F5,C,2026-09-20 17:21:09.677+00,2026-09-20 17:21:14.663154+00,2026-09-20 17:22:19.718932+00,2026-09-20 17:22:19.726832+00,2026-09-20 17:22:19.731702+00
60,F5,C,2026-09-20 17:25:04.676+00,2026-09-20 17:25:09.673542+00,2026-09-20 17:25:59.767435+00,2026-09-20 17:25:59.776027+00,2026-09-20 17:25:59.781444+00
60,F5,C,2026-09-20 17:25:29.667+00,2026-09-20 17:25:34.671604+00,2026-09-20 17:26:39.717748+00,2026-09-20 17:26:39.72883+00,2026-09-20 17:26:39.734752+00
60,F5,C,2026-09-20 17:28:04.68+00,2026-09-20 17:28:09.665736+00,2026-09-20 17:29:14.762757+00,2026-09-20 17:29:14.774387+00,2026-09-20 17:29:14.780452+00
60,F5,C,2026-09-20 17:30:54.661+00,2026-09-20 17:30:59.666112+00,2026-09-20 17:32:04.82556+00,2026-09-20 17:32:04.891632+00,2026-09-20 17:32:04.965076+00
60,F5,C,2026-09-20 17:32:34.675+00,2026-09-20 17:32:39.660961+00,2026-09-20 17:33:44.774471+00,2026-09-20 17:33:44.785043+00,2026-09-20 17:33:44.790886+00
60,F5,C,2026-09-20 17:33:29.665+00,2026-09-20 17:33:29.671979+00,2026-09-20 17:34:34.757494+00,2026-09-20 17:34:34.766292+00,2026-09-20 17:34:34.771355+00
60,F5,C,2026-09-20 17:36:04.657+00,2026-09-20 17:36:04.665968+00,2026-09-20 17:37:09.761939+00,2026-09-20 17:37:09.771121+00,2026-09-20 17:37:09.777161+00
60,F5,C,2026-09-20 17:37:34.664+00,2026-09-20 17:37:39.664032+00,2026-09-20 17:38:44.746588+00,2026-09-20 17:38:44.755821+00,2026-09-20 17:38:44.760636+00
60,F5,C,2026-09-20 17:38:44.665+00,2026-09-20 17:38:49.659629+00,2026-09-20 17:39:49.724597+00,2026-09-20 17:39:49.733527+00,2026-09-20 17:39:49.738338+00
60,F5,C,2026-09-20 17:39:49.678+00,2026-09-20 17:39:54.673461+00,2026-09-20 17:40:59.722719+00,2026-09-20 17:40:59.73015+00,2026-09-20 17:40:59.734195+00
60,F5,C,2026-09-20 17:40:04.671+00,2026-09-20 17:40:09.670532+00,2026-09-20 17:41:14.764189+00,2026-09-20 17:41:14.772068+00,2026-09-20 17:41:14.776602+00
60,F5,C,2026-09-20 17:40:49.684+00,2026-09-20 17:40:54.66309+00,2026-09-20 17:41:59.706807+00,2026-09-20 17:41:59.726206+00,2026-09-20 17:41:59.731128+00
60,F5,C,2026-09-20 17:41:24.67+00,2026-09-20 17:41:29.664575+00,2026-09-20 17:42:34.719295+00,2026-09-20 17:42:34.727628+00,2026-09-20 17:42:34.731891+00
60,F5,C,2026-09-20 17:42:44.665+00,2026-09-20 17:42:49.668096+00,2026-09-20 17:43:54.787672+00,2026-09-20 17:43:54.797445+00,2026-09-20 17:43:54.803511+00
60,F5,C,2026-09-20 17:43:39.682+00,2026-09-20 17:43:44.660198+00,2026-09-20 17:44:34.753112+00,2026-09-20 17:44:34.762225+00,2026-09-20 17:44:34.766834+00
60,F5,C,2026-09-20 17:44:04.671+00,2026-09-20 17:44:09.66921+00,2026-09-20 17:45:14.733527+00,2026-09-20 17:45:14.741071+00,2026-09-20 17:45:14.745031+00
60,F5,C,2026-09-20 17:45:04.667+00,2026-09-20 17:45:04.675044+00,2026-09-20 17:46:09.760296+00,2026-09-20 17:46:09.769625+00,2026-09-20 17:46:09.774644+00
